edr_id,timestamp,branch_id,host_id,process_name,process_hash,parent_process,command_line,user_context,persistence_key,module_load,network_connect
ED00000001,2026-07-03T10:00:00,NRG-WIN-001,NRG-WIN-001-POS-01,VendorUpdater.exe,e5b9cee21c914d8f33528ec50d1a6e1f8d07e05627492304fea29cf0f6a01f38,services.exe,VendorUpdater.exe /scheduled,SYSTEM,,,1
ED00000002,2026-07-03T10:00:00,NRG-WIN-001,NRG-WIN-001-POS-02,VendorUpdater.exe,e5b9cee21c914d8f33528ec50d1a6e1f8d07e05627492304fea29cf0f6a01f38,services.exe,VendorUpdater.exe /scheduled,SYSTEM,,,1
ED00000003,2026-07-03T10:00:00,NRG-WIN-001,NRG-WIN-001-POS-03,VendorUpdater.exe,e5b9cee21c914d8f33528ec50d1a6e1f8d07e05627492304fea29cf0f6a01f38,services.exe,VendorUpdater.exe /scheduled,SYSTEM,,,1
ED00000004,2026-07-03T10:00:00,NRG-WIN-001,NRG-WIN-001-POS-04,VendorUpdater.exe,e5b9cee21c914d8f33528ec50d1a6e1f8d07e05627492304fea29cf0f6a01f38,services.exe,VendorUpdater.exe /scheduled,SYSTEM,,,1
ED00000005,2026-07-03T10:00:00,NRG-WIN-001,NRG-WIN-001-POS-05,VendorUpdater.exe,e5b9cee21c914d8f33528ec50d1a6e1f8d07e05627492304fea29cf0f6a01f38,services.exe,VendorUpdater.exe /scheduled,SYSTEM,,,1
ED00000006,2026-07-03T10:00:00,NRG-CEN-002,NRG-CEN-002-POS-01,VendorUpdater.exe,e5b9cee21c914d8f33528ec50d1a6e1f8d07e05627492304fea29cf0f6a01f38,services.exe,VendorUpdater.exe /scheduled,SYSTEM,,,1
ED00000007,2026-07-03T10:00:00,NRG-CEN-002,NRG-CEN-002-POS-02,VendorUpdater.exe,e5b9cee21c914d8f33528ec50d1a6e1f8d07e05627492304fea29cf0f6a01f38,services.exe,VendorUpdater.exe /scheduled,SYSTEM,,,1
ED00000008,2026-07-03T10:00:00,NRG-CEN-002,NRG-CEN-002-POS-03,VendorUpdater.exe,e5b9cee21c914d8f33528ec50d1a6e1f8d07e05627492304fea29cf0f6a01f38,services.exe,VendorUpdater.exe /scheduled,SYSTEM,,,1
ED00000009,2026-07-03T10:00:00,NRG-CEN-002,NRG-CEN-002-POS-04,VendorUpdater.exe,e5b9cee21c914d8f33528ec50d1a6e1f8d07e05627492304fea29cf0f6a01f38,services.exe,VendorUpdater.exe /scheduled,SYSTEM,,,1
ED00000010,2026-07-03T10:00:00,NRG-CEN-002,NRG-CEN-002-POS-05,VendorUpdater.exe,e5b9cee21c914d8f33528ec50d1a6e1f8d07e05627492304fea29cf0f6a01f38,services.exe,VendorUpdater.exe /scheduled,SYSTEM,,,1
ED00000011,2026-07-03T10:00:00,NRG-NOR-003,NRG-NOR-003-POS-01,VendorUpdater.exe,e5b9cee21c914d8f33528ec50d1a6e1f8d07e05627492304fea29cf0f6a01f38,services.exe,VendorUpdater.exe /scheduled,SYSTEM,,,1
ED00000012,2026-07-03T10:00:00,NRG-NOR-003,NRG-NOR-003-POS-02,VendorUpdater.exe,e5b9cee21c914d8f33528ec50d1a6e1f8d07e05627492304fea29cf0f6a01f38,services.exe,VendorUpdater.exe /scheduled,SYSTEM,,,1
ED00000013,2026-07-03T10:00:00,NRG-NOR-003,NRG-NOR-003-POS-03,VendorUpdater.exe,e5b9cee21c914d8f33528ec50d1a6e1f8d07e05627492304fea29cf0f6a01f38,services.exe,VendorUpdater.exe /scheduled,SYSTEM,,,1
ED00000014,2026-07-03T10:00:00,NRG-NOR-003,NRG-NOR-003-POS-04,VendorUpdater.exe,e5b9cee21c914d8f33528ec50d1a6e1f8d07e05627492304fea29cf0f6a01f38,services.exe,VendorUpdater.exe /scheduled,SYSTEM,,,1
ED00000015,2026-07-03T10:00:00,NRG-NOR-003,NRG-NOR-003-POS-05,VendorUpdater.exe,e5b9cee21c914d8f33528ec50d1a6e1f8d07e05627492304fea29cf0f6a01f38,services.exe,VendorUpdater.exe /scheduled,SYSTEM,,,1
ED00000016,2026-07-03T10:00:00,NRG-SOU-004,NRG-SOU-004-POS-01,VendorUpdater.exe,e5b9cee21c914d8f33528ec50d1a6e1f8d07e05627492304fea29cf0f6a01f38,services.exe,VendorUpdater.exe /scheduled,SYSTEM,,,1
ED00000017,2026-07-03T10:00:00,NRG-SOU-004,NRG-SOU-004-POS-02,VendorUpdater.exe,e5b9cee21c914d8f33528ec50d1a6e1f8d07e05627492304fea29cf0f6a01f38,services.exe,VendorUpdater.exe /scheduled,SYSTEM,,,1
ED00000018,2026-07-03T10:00:00,NRG-SOU-004,NRG-SOU-004-POS-03,VendorUpdater.exe,e5b9cee21c914d8f33528ec50d1a6e1f8d07e05627492304fea29cf0f6a01f38,services.exe,VendorUpdater.exe /scheduled,SYSTEM,,,1
ED00000019,2026-07-03T10:00:00,NRG-SOU-004,NRG-SOU-004-POS-04,VendorUpdater.exe,e5b9cee21c914d8f33528ec50d1a6e1f8d07e05627492304fea29cf0f6a01f38,services.exe,VendorUpdater.exe /scheduled,SYSTEM,,,1
ED00000020,2026-07-03T10:00:00,NRG-SOU-004,NRG-SOU-004-POS-05,VendorUpdater.exe,e5b9cee21c914d8f33528ec50d1a6e1f8d07e05627492304fea29cf0f6a01f38,services.exe,VendorUpdater.exe /scheduled,SYSTEM,,,1
ED00000021,2026-07-03T10:00:00,NRG-COA-005,NRG-COA-005-POS-01,VendorUpdater.exe,e5b9cee21c914d8f33528ec50d1a6e1f8d07e05627492304fea29cf0f6a01f38,services.exe,VendorUpdater.exe /scheduled,SYSTEM,,,1
ED00000022,2026-07-03T10:00:00,NRG-COA-005,NRG-COA-005-POS-02,VendorUpdater.exe,e5b9cee21c914d8f33528ec50d1a6e1f8d07e05627492304fea29cf0f6a01f38,services.exe,VendorUpdater.exe /scheduled,SYSTEM,,,1
ED00000023,2026-07-03T10:00:00,NRG-COA-005,NRG-COA-005-POS-03,VendorUpdater.exe,e5b9cee21c914d8f33528ec50d1a6e1f8d07e05627492304fea29cf0f6a01f38,services.exe,VendorUpdater.exe /scheduled,SYSTEM,,,1
ED00000024,2026-07-03T10:00:00,NRG-COA-005,NRG-COA-005-POS-04,VendorUpdater.exe,e5b9cee21c914d8f33528ec50d1a6e1f8d07e05627492304fea29cf0f6a01f38,services.exe,VendorUpdater.exe /scheduled,SYSTEM,,,1
ED00000025,2026-07-03T10:00:00,NRG-COA-005,NRG-COA-005-POS-05,VendorUpdater.exe,e5b9cee21c914d8f33528ec50d1a6e1f8d07e05627492304fea29cf0f6a01f38,services.exe,VendorUpdater.exe /scheduled,SYSTEM,,,1
ED00000026,2026-07-03T10:00:00,NRG-EAS-006,NRG-EAS-006-POS-01,VendorUpdater.exe,e5b9cee21c914d8f33528ec50d1a6e1f8d07e05627492304fea29cf0f6a01f38,services.exe,VendorUpdater.exe /scheduled,SYSTEM,,,1
ED00000027,2026-07-03T10:00:00,NRG-EAS-006,NRG-EAS-006-POS-02,VendorUpdater.exe,e5b9cee21c914d8f33528ec50d1a6e1f8d07e05627492304fea29cf0f6a01f38,services.exe,VendorUpdater.exe /scheduled,SYSTEM,,,1
ED00000028,2026-07-03T10:00:00,NRG-EAS-006,NRG-EAS-006-POS-03,VendorUpdater.exe,e5b9cee21c914d8f33528ec50d1a6e1f8d07e05627492304fea29cf0f6a01f38,services.exe,VendorUpdater.exe /scheduled,SYSTEM,,,1
ED00000029,2026-07-03T10:00:00,NRG-EAS-006,NRG-EAS-006-POS-04,VendorUpdater.exe,e5b9cee21c914d8f33528ec50d1a6e1f8d07e05627492304fea29cf0f6a01f38,services.exe,VendorUpdater.exe /scheduled,SYSTEM,,,1
ED00000030,2026-07-03T10:00:00,NRG-EAS-006,NRG-EAS-006-POS-05,VendorUpdater.exe,e5b9cee21c914d8f33528ec50d1a6e1f8d07e05627492304fea29cf0f6a01f38,services.exe,VendorUpdater.exe /scheduled,SYSTEM,,,1
ED00000031,2026-07-03T10:00:00,NRG-WIN-007,NRG-WIN-007-POS-01,VendorUpdater.exe,e5b9cee21c914d8f33528ec50d1a6e1f8d07e05627492304fea29cf0f6a01f38,services.exe,VendorUpdater.exe /scheduled,SYSTEM,,,1
ED00000032,2026-07-03T10:00:00,NRG-WIN-007,NRG-WIN-007-POS-02,VendorUpdater.exe,e5b9cee21c914d8f33528ec50d1a6e1f8d07e05627492304fea29cf0f6a01f38,services.exe,VendorUpdater.exe /scheduled,SYSTEM,,,1
ED00000033,2026-07-03T10:00:00,NRG-WIN-007,NRG-WIN-007-POS-03,VendorUpdater.exe,e5b9cee21c914d8f33528ec50d1a6e1f8d07e05627492304fea29cf0f6a01f38,services.exe,VendorUpdater.exe /scheduled,SYSTEM,,,1
ED00000034,2026-07-03T10:00:00,NRG-WIN-007,NRG-WIN-007-POS-04,VendorUpdater.exe,e5b9cee21c914d8f33528ec50d1a6e1f8d07e05627492304fea29cf0f6a01f38,services.exe,VendorUpdater.exe /scheduled,SYSTEM,,,1
ED00000035,2026-07-03T10:00:00,NRG-CEN-008,NRG-CEN-008-POS-01,VendorUpdater.exe,e5b9cee21c914d8f33528ec50d1a6e1f8d07e05627492304fea29cf0f6a01f38,services.exe,VendorUpdater.exe /scheduled,SYSTEM,,,1
ED00000036,2026-07-03T10:00:00,NRG-CEN-008,NRG-CEN-008-POS-02,VendorUpdater.exe,e5b9cee21c914d8f33528ec50d1a6e1f8d07e05627492304fea29cf0f6a01f38,services.exe,VendorUpdater.exe /scheduled,SYSTEM,,,1
ED00000037,2026-07-03T10:00:00,NRG-CEN-008,NRG-CEN-008-POS-03,VendorUpdater.exe,e5b9cee21c914d8f33528ec50d1a6e1f8d07e05627492304fea29cf0f6a01f38,services.exe,VendorUpdater.exe /scheduled,SYSTEM,,,1
ED00000038,2026-07-03T10:00:00,NRG-CEN-008,NRG-CEN-008-POS-04,VendorUpdater.exe,e5b9cee21c914d8f33528ec50d1a6e1f8d07e05627492304fea29cf0f6a01f38,services.exe,VendorUpdater.exe /scheduled,SYSTEM,,,1
ED00000039,2026-07-03T10:00:00,NRG-NOR-009,NRG-NOR-009-POS-01,VendorUpdater.exe,e5b9cee21c914d8f33528ec50d1a6e1f8d07e05627492304fea29cf0f6a01f38,services.exe,VendorUpdater.exe /scheduled,SYSTEM,,,1
ED00000040,2026-07-03T10:00:00,NRG-NOR-009,NRG-NOR-009-POS-02,VendorUpdater.exe,e5b9cee21c914d8f33528ec50d1a6e1f8d07e05627492304fea29cf0f6a01f38,services.exe,VendorUpdater.exe /scheduled,SYSTEM,,,1
ED00000041,2026-07-03T10:00:00,NRG-NOR-009,NRG-NOR-009-POS-03,VendorUpdater.exe,e5b9cee21c914d8f33528ec50d1a6e1f8d07e05627492304fea29cf0f6a01f38,services.exe,VendorUpdater.exe /scheduled,SYSTEM,,,1
ED00000042,2026-07-03T10:00:00,NRG-NOR-009,NRG-NOR-009-POS-04,VendorUpdater.exe,e5b9cee21c914d8f33528ec50d1a6e1f8d07e05627492304fea29cf0f6a01f38,services.exe,VendorUpdater.exe /scheduled,SYSTEM,,,1
ED00000043,2026-07-03T10:00:00,NRG-SOU-010,NRG-SOU-010-POS-01,VendorUpdater.exe,e5b9cee21c914d8f33528ec50d1a6e1f8d07e05627492304fea29cf0f6a01f38,services.exe,VendorUpdater.exe /scheduled,SYSTEM,,,1
ED00000044,2026-07-03T10:00:00,NRG-SOU-010,NRG-SOU-010-POS-02,VendorUpdater.exe,e5b9cee21c914d8f33528ec50d1a6e1f8d07e05627492304fea29cf0f6a01f38,services.exe,VendorUpdater.exe /scheduled,SYSTEM,,,1
ED00000045,2026-07-03T10:00:00,NRG-SOU-010,NRG-SOU-010-POS-03,VendorUpdater.exe,e5b9cee21c914d8f33528ec50d1a6e1f8d07e05627492304fea29cf0f6a01f38,services.exe,VendorUpdater.exe /scheduled,SYSTEM,,,1
ED00000046,2026-07-03T10:00:00,NRG-SOU-010,NRG-SOU-010-POS-04,VendorUpdater.exe,e5b9cee21c914d8f33528ec50d1a6e1f8d07e05627492304fea29cf0f6a01f38,services.exe,VendorUpdater.exe /scheduled,SYSTEM,,,1
ED00000047,2026-07-03T10:00:00,NRG-COA-011,NRG-COA-011-POS-01,VendorUpdater.exe,e5b9cee21c914d8f33528ec50d1a6e1f8d07e05627492304fea29cf0f6a01f38,services.exe,VendorUpdater.exe /scheduled,SYSTEM,,,1
ED00000048,2026-07-03T10:00:00,NRG-COA-011,NRG-COA-011-POS-02,VendorUpdater.exe,e5b9cee21c914d8f33528ec50d1a6e1f8d07e05627492304fea29cf0f6a01f38,services.exe,VendorUpdater.exe /scheduled,SYSTEM,,,1
ED00000049,2026-07-03T10:00:00,NRG-COA-011,NRG-COA-011-POS-03,VendorUpdater.exe,e5b9cee21c914d8f33528ec50d1a6e1f8d07e05627492304fea29cf0f6a01f38,services.exe,VendorUpdater.exe /scheduled,SYSTEM,,,1
ED00000050,2026-07-03T10:00:00,NRG-COA-011,NRG-COA-011-POS-04,VendorUpdater.exe,e5b9cee21c914d8f33528ec50d1a6e1f8d07e05627492304fea29cf0f6a01f38,services.exe,VendorUpdater.exe /scheduled,SYSTEM,,,1
ED00000051,2026-07-03T10:00:00,NRG-EAS-012,NRG-EAS-012-POS-01,VendorUpdater.exe,e5b9cee21c914d8f33528ec50d1a6e1f8d07e05627492304fea29cf0f6a01f38,services.exe,VendorUpdater.exe /scheduled,SYSTEM,,,1
ED00000052,2026-07-03T10:00:00,NRG-EAS-012,NRG-EAS-012-POS-02,VendorUpdater.exe,e5b9cee21c914d8f33528ec50d1a6e1f8d07e05627492304fea29cf0f6a01f38,services.exe,VendorUpdater.exe /scheduled,SYSTEM,,,1
ED00000053,2026-07-03T10:00:00,NRG-EAS-012,NRG-EAS-012-POS-03,VendorUpdater.exe,e5b9cee21c914d8f33528ec50d1a6e1f8d07e05627492304fea29cf0f6a01f38,services.exe,VendorUpdater.exe /scheduled,SYSTEM,,,1
ED00000054,2026-07-03T10:00:00,NRG-EAS-012,NRG-EAS-012-POS-04,VendorUpdater.exe,e5b9cee21c914d8f33528ec50d1a6e1f8d07e05627492304fea29cf0f6a01f38,services.exe,VendorUpdater.exe /scheduled,SYSTEM,,,1
ED00000055,2026-08-03T10:00:00,NRG-WIN-001,NRG-WIN-001-POS-01,VendorUpdater.exe,e5b9cee21c914d8f33528ec50d1a6e1f8d07e05627492304fea29cf0f6a01f38,services.exe,VendorUpdater.exe /scheduled,SYSTEM,,,1
ED00000056,2026-08-03T10:00:00,NRG-WIN-001,NRG-WIN-001-POS-02,VendorUpdater.exe,e5b9cee21c914d8f33528ec50d1a6e1f8d07e05627492304fea29cf0f6a01f38,services.exe,VendorUpdater.exe /scheduled,SYSTEM,,,1
ED00000057,2026-08-03T10:00:00,NRG-WIN-001,NRG-WIN-001-POS-03,VendorUpdater.exe,e5b9cee21c914d8f33528ec50d1a6e1f8d07e05627492304fea29cf0f6a01f38,services.exe,VendorUpdater.exe /scheduled,SYSTEM,,,1
ED00000058,2026-08-03T10:00:00,NRG-WIN-001,NRG-WIN-001-POS-04,VendorUpdater.exe,e5b9cee21c914d8f33528ec50d1a6e1f8d07e05627492304fea29cf0f6a01f38,services.exe,VendorUpdater.exe /scheduled,SYSTEM,,,1
ED00000059,2026-08-03T10:00:00,NRG-WIN-001,NRG-WIN-001-POS-05,VendorUpdater.exe,e5b9cee21c914d8f33528ec50d1a6e1f8d07e05627492304fea29cf0f6a01f38,services.exe,VendorUpdater.exe /scheduled,SYSTEM,,,1
ED00000060,2026-08-03T10:00:00,NRG-CEN-002,NRG-CEN-002-POS-01,VendorUpdater.exe,e5b9cee21c914d8f33528ec50d1a6e1f8d07e05627492304fea29cf0f6a01f38,services.exe,VendorUpdater.exe /scheduled,SYSTEM,,,1
ED00000061,2026-08-03T10:00:00,NRG-CEN-002,NRG-CEN-002-POS-02,VendorUpdater.exe,e5b9cee21c914d8f33528ec50d1a6e1f8d07e05627492304fea29cf0f6a01f38,services.exe,VendorUpdater.exe /scheduled,SYSTEM,,,1
ED00000062,2026-08-03T10:00:00,NRG-CEN-002,NRG-CEN-002-POS-03,VendorUpdater.exe,e5b9cee21c914d8f33528ec50d1a6e1f8d07e05627492304fea29cf0f6a01f38,services.exe,VendorUpdater.exe /scheduled,SYSTEM,,,1
ED00000063,2026-08-03T10:00:00,NRG-CEN-002,NRG-CEN-002-POS-04,VendorUpdater.exe,e5b9cee21c914d8f33528ec50d1a6e1f8d07e05627492304fea29cf0f6a01f38,services.exe,VendorUpdater.exe /scheduled,SYSTEM,,,1
ED00000064,2026-08-03T10:00:00,NRG-CEN-002,NRG-CEN-002-POS-05,VendorUpdater.exe,e5b9cee21c914d8f33528ec50d1a6e1f8d07e05627492304fea29cf0f6a01f38,services.exe,VendorUpdater.exe /scheduled,SYSTEM,,,1
ED00000065,2026-08-03T10:00:00,NRG-NOR-003,NRG-NOR-003-POS-01,VendorUpdater.exe,e5b9cee21c914d8f33528ec50d1a6e1f8d07e05627492304fea29cf0f6a01f38,services.exe,VendorUpdater.exe /scheduled,SYSTEM,,,1
ED00000066,2026-08-03T10:00:00,NRG-NOR-003,NRG-NOR-003-POS-02,VendorUpdater.exe,e5b9cee21c914d8f33528ec50d1a6e1f8d07e05627492304fea29cf0f6a01f38,services.exe,VendorUpdater.exe /scheduled,SYSTEM,,,1
ED00000067,2026-08-03T10:00:00,NRG-NOR-003,NRG-NOR-003-POS-03,VendorUpdater.exe,e5b9cee21c914d8f33528ec50d1a6e1f8d07e05627492304fea29cf0f6a01f38,services.exe,VendorUpdater.exe /scheduled,SYSTEM,,,1
ED00000068,2026-08-03T10:00:00,NRG-NOR-003,NRG-NOR-003-POS-04,VendorUpdater.exe,e5b9cee21c914d8f33528ec50d1a6e1f8d07e05627492304fea29cf0f6a01f38,services.exe,VendorUpdater.exe /scheduled,SYSTEM,,,1
ED00000069,2026-08-03T10:00:00,NRG-NOR-003,NRG-NOR-003-POS-05,VendorUpdater.exe,e5b9cee21c914d8f33528ec50d1a6e1f8d07e05627492304fea29cf0f6a01f38,services.exe,VendorUpdater.exe /scheduled,SYSTEM,,,1
ED00000070,2026-08-03T10:00:00,NRG-SOU-004,NRG-SOU-004-POS-01,VendorUpdater.exe,e5b9cee21c914d8f33528ec50d1a6e1f8d07e05627492304fea29cf0f6a01f38,services.exe,VendorUpdater.exe /scheduled,SYSTEM,,,1
ED00000071,2026-08-03T10:00:00,NRG-SOU-004,NRG-SOU-004-POS-02,VendorUpdater.exe,e5b9cee21c914d8f33528ec50d1a6e1f8d07e05627492304fea29cf0f6a01f38,services.exe,VendorUpdater.exe /scheduled,SYSTEM,,,1
ED00000072,2026-08-03T10:00:00,NRG-SOU-004,NRG-SOU-004-POS-03,VendorUpdater.exe,e5b9cee21c914d8f33528ec50d1a6e1f8d07e05627492304fea29cf0f6a01f38,services.exe,VendorUpdater.exe /scheduled,SYSTEM,,,1
ED00000073,2026-08-03T10:00:00,NRG-SOU-004,NRG-SOU-004-POS-04,VendorUpdater.exe,e5b9cee21c914d8f33528ec50d1a6e1f8d07e05627492304fea29cf0f6a01f38,services.exe,VendorUpdater.exe /scheduled,SYSTEM,,,1
ED00000074,2026-08-03T10:00:00,NRG-SOU-004,NRG-SOU-004-POS-05,VendorUpdater.exe,e5b9cee21c914d8f33528ec50d1a6e1f8d07e05627492304fea29cf0f6a01f38,services.exe,VendorUpdater.exe /scheduled,SYSTEM,,,1
ED00000075,2026-08-03T10:00:00,NRG-COA-005,NRG-COA-005-POS-01,VendorUpdater.exe,e5b9cee21c914d8f33528ec50d1a6e1f8d07e05627492304fea29cf0f6a01f38,services.exe,VendorUpdater.exe /scheduled,SYSTEM,,,1
ED00000076,2026-08-03T10:00:00,NRG-COA-005,NRG-COA-005-POS-02,VendorUpdater.exe,e5b9cee21c914d8f33528ec50d1a6e1f8d07e05627492304fea29cf0f6a01f38,services.exe,VendorUpdater.exe /scheduled,SYSTEM,,,1
ED00000077,2026-08-03T10:00:00,NRG-COA-005,NRG-COA-005-POS-03,VendorUpdater.exe,e5b9cee21c914d8f33528ec50d1a6e1f8d07e05627492304fea29cf0f6a01f38,services.exe,VendorUpdater.exe /scheduled,SYSTEM,,,1
ED00000078,2026-08-03T10:00:00,NRG-COA-005,NRG-COA-005-POS-04,VendorUpdater.exe,e5b9cee21c914d8f33528ec50d1a6e1f8d07e05627492304fea29cf0f6a01f38,services.exe,VendorUpdater.exe /scheduled,SYSTEM,,,1
ED00000079,2026-08-03T10:00:00,NRG-COA-005,NRG-COA-005-POS-05,VendorUpdater.exe,e5b9cee21c914d8f33528ec50d1a6e1f8d07e05627492304fea29cf0f6a01f38,services.exe,VendorUpdater.exe /scheduled,SYSTEM,,,1
ED00000080,2026-08-03T10:00:00,NRG-EAS-006,NRG-EAS-006-POS-01,VendorUpdater.exe,e5b9cee21c914d8f33528ec50d1a6e1f8d07e05627492304fea29cf0f6a01f38,services.exe,VendorUpdater.exe /scheduled,SYSTEM,,,1
ED00000081,2026-08-03T10:00:00,NRG-EAS-006,NRG-EAS-006-POS-02,VendorUpdater.exe,e5b9cee21c914d8f33528ec50d1a6e1f8d07e05627492304fea29cf0f6a01f38,services.exe,VendorUpdater.exe /scheduled,SYSTEM,,,1
ED00000082,2026-08-03T10:00:00,NRG-EAS-006,NRG-EAS-006-POS-03,VendorUpdater.exe,e5b9cee21c914d8f33528ec50d1a6e1f8d07e05627492304fea29cf0f6a01f38,services.exe,VendorUpdater.exe /scheduled,SYSTEM,,,1
ED00000083,2026-08-03T10:00:00,NRG-EAS-006,NRG-EAS-006-POS-04,VendorUpdater.exe,e5b9cee21c914d8f33528ec50d1a6e1f8d07e05627492304fea29cf0f6a01f38,services.exe,VendorUpdater.exe /scheduled,SYSTEM,,,1
ED00000084,2026-08-03T10:00:00,NRG-EAS-006,NRG-EAS-006-POS-05,VendorUpdater.exe,e5b9cee21c914d8f33528ec50d1a6e1f8d07e05627492304fea29cf0f6a01f38,services.exe,VendorUpdater.exe /scheduled,SYSTEM,,,1
ED00000085,2026-08-03T10:00:00,NRG-WIN-007,NRG-WIN-007-POS-01,VendorUpdater.exe,e5b9cee21c914d8f33528ec50d1a6e1f8d07e05627492304fea29cf0f6a01f38,services.exe,VendorUpdater.exe /scheduled,SYSTEM,,,1
ED00000086,2026-08-03T10:00:00,NRG-WIN-007,NRG-WIN-007-POS-02,VendorUpdater.exe,e5b9cee21c914d8f33528ec50d1a6e1f8d07e05627492304fea29cf0f6a01f38,services.exe,VendorUpdater.exe /scheduled,SYSTEM,,,1
ED00000087,2026-08-03T10:00:00,NRG-WIN-007,NRG-WIN-007-POS-03,VendorUpdater.exe,e5b9cee21c914d8f33528ec50d1a6e1f8d07e05627492304fea29cf0f6a01f38,services.exe,VendorUpdater.exe /scheduled,SYSTEM,,,1
ED00000088,2026-08-03T10:00:00,NRG-WIN-007,NRG-WIN-007-POS-04,VendorUpdater.exe,e5b9cee21c914d8f33528ec50d1a6e1f8d07e05627492304fea29cf0f6a01f38,services.exe,VendorUpdater.exe /scheduled,SYSTEM,,,1
ED00000089,2026-08-03T10:00:00,NRG-CEN-008,NRG-CEN-008-POS-01,VendorUpdater.exe,e5b9cee21c914d8f33528ec50d1a6e1f8d07e05627492304fea29cf0f6a01f38,services.exe,VendorUpdater.exe /scheduled,SYSTEM,,,1
ED00000090,2026-08-03T10:00:00,NRG-CEN-008,NRG-CEN-008-POS-02,VendorUpdater.exe,e5b9cee21c914d8f33528ec50d1a6e1f8d07e05627492304fea29cf0f6a01f38,services.exe,VendorUpdater.exe /scheduled,SYSTEM,,,1
ED00000091,2026-08-03T10:00:00,NRG-CEN-008,NRG-CEN-008-POS-03,VendorUpdater.exe,e5b9cee21c914d8f33528ec50d1a6e1f8d07e05627492304fea29cf0f6a01f38,services.exe,VendorUpdater.exe /scheduled,SYSTEM,,,1
ED00000092,2026-08-03T10:00:00,NRG-CEN-008,NRG-CEN-008-POS-04,VendorUpdater.exe,e5b9cee21c914d8f33528ec50d1a6e1f8d07e05627492304fea29cf0f6a01f38,services.exe,VendorUpdater.exe /scheduled,SYSTEM,,,1
ED00000093,2026-08-03T10:00:00,NRG-NOR-009,NRG-NOR-009-POS-01,VendorUpdater.exe,e5b9cee21c914d8f33528ec50d1a6e1f8d07e05627492304fea29cf0f6a01f38,services.exe,VendorUpdater.exe /scheduled,SYSTEM,,,1
ED00000094,2026-08-03T10:00:00,NRG-NOR-009,NRG-NOR-009-POS-02,VendorUpdater.exe,e5b9cee21c914d8f33528ec50d1a6e1f8d07e05627492304fea29cf0f6a01f38,services.exe,VendorUpdater.exe /scheduled,SYSTEM,,,1
ED00000095,2026-08-03T10:00:00,NRG-NOR-009,NRG-NOR-009-POS-03,VendorUpdater.exe,e5b9cee21c914d8f33528ec50d1a6e1f8d07e05627492304fea29cf0f6a01f38,services.exe,VendorUpdater.exe /scheduled,SYSTEM,,,1
ED00000096,2026-08-03T10:00:00,NRG-NOR-009,NRG-NOR-009-POS-04,VendorUpdater.exe,e5b9cee21c914d8f33528ec50d1a6e1f8d07e05627492304fea29cf0f6a01f38,services.exe,VendorUpdater.exe /scheduled,SYSTEM,,,1
ED00000097,2026-08-03T10:00:00,NRG-SOU-010,NRG-SOU-010-POS-01,VendorUpdater.exe,e5b9cee21c914d8f33528ec50d1a6e1f8d07e05627492304fea29cf0f6a01f38,services.exe,VendorUpdater.exe /scheduled,SYSTEM,,,1
ED00000098,2026-08-03T10:00:00,NRG-SOU-010,NRG-SOU-010-POS-02,VendorUpdater.exe,e5b9cee21c914d8f33528ec50d1a6e1f8d07e05627492304fea29cf0f6a01f38,services.exe,VendorUpdater.exe /scheduled,SYSTEM,,,1
ED00000099,2026-08-03T10:00:00,NRG-SOU-010,NRG-SOU-010-POS-03,VendorUpdater.exe,e5b9cee21c914d8f33528ec50d1a6e1f8d07e05627492304fea29cf0f6a01f38,services.exe,VendorUpdater.exe /scheduled,SYSTEM,,,1
ED00000100,2026-08-03T10:00:00,NRG-SOU-010,NRG-SOU-010-POS-04,VendorUpdater.exe,e5b9cee21c914d8f33528ec50d1a6e1f8d07e05627492304fea29cf0f6a01f38,services.exe,VendorUpdater.exe /scheduled,SYSTEM,,,1
ED00000101,2026-08-03T10:00:00,NRG-COA-011,NRG-COA-011-POS-01,VendorUpdater.exe,e5b9cee21c914d8f33528ec50d1a6e1f8d07e05627492304fea29cf0f6a01f38,services.exe,VendorUpdater.exe /scheduled,SYSTEM,,,1
ED00000102,2026-08-03T10:00:00,NRG-COA-011,NRG-COA-011-POS-02,VendorUpdater.exe,e5b9cee21c914d8f33528ec50d1a6e1f8d07e05627492304fea29cf0f6a01f38,services.exe,VendorUpdater.exe /scheduled,SYSTEM,,,1
ED00000103,2026-08-03T10:00:00,NRG-COA-011,NRG-COA-011-POS-03,VendorUpdater.exe,e5b9cee21c914d8f33528ec50d1a6e1f8d07e05627492304fea29cf0f6a01f38,services.exe,VendorUpdater.exe /scheduled,SYSTEM,,,1
ED00000104,2026-08-03T10:00:00,NRG-COA-011,NRG-COA-011-POS-04,VendorUpdater.exe,e5b9cee21c914d8f33528ec50d1a6e1f8d07e05627492304fea29cf0f6a01f38,services.exe,VendorUpdater.exe /scheduled,SYSTEM,,,1
ED00000105,2026-08-03T10:00:00,NRG-EAS-012,NRG-EAS-012-POS-01,VendorUpdater.exe,e5b9cee21c914d8f33528ec50d1a6e1f8d07e05627492304fea29cf0f6a01f38,services.exe,VendorUpdater.exe /scheduled,SYSTEM,,,1
ED00000106,2026-08-03T10:00:00,NRG-EAS-012,NRG-EAS-012-POS-02,VendorUpdater.exe,e5b9cee21c914d8f33528ec50d1a6e1f8d07e05627492304fea29cf0f6a01f38,services.exe,VendorUpdater.exe /scheduled,SYSTEM,,,1
ED00000107,2026-08-03T10:00:00,NRG-EAS-012,NRG-EAS-012-POS-03,VendorUpdater.exe,e5b9cee21c914d8f33528ec50d1a6e1f8d07e05627492304fea29cf0f6a01f38,services.exe,VendorUpdater.exe /scheduled,SYSTEM,,,1
ED00000108,2026-08-03T10:00:00,NRG-EAS-012,NRG-EAS-012-POS-04,VendorUpdater.exe,e5b9cee21c914d8f33528ec50d1a6e1f8d07e05627492304fea29cf0f6a01f38,services.exe,VendorUpdater.exe /scheduled,SYSTEM,,,1
ED00000109,2026-08-12T09:00:00,NRG-WIN-001,NRG-WIN-001-POS-02,possvc.exe,9a55493b73e84d8778a9749f73c5d00cdcb99fea9b3f53a7f1f05f0cd0a26348,posapp.exe,possvc.exe /service,SYSTEM,HKLM\Software\Microsoft\Windows\CurrentVersion\Run\PosSvc,posapp.exe,1
ED00000110,2026-08-15T10:00:00,NRG-CEN-002,NRG-CEN-002-POS-03,possvc.exe,aec19cac61372e3d7ee035fb4f11fd031ffaa86de6f11c82a07220ab4c018796,posapp.exe,possvc.exe /service,SYSTEM,HKLM\Software\Microsoft\Windows\CurrentVersion\Run\PosSvc,posapp.exe,1
ED00000111,2026-08-18T11:00:00,NRG-SOU-004,NRG-SOU-004-POS-02,possvc.exe,3afc4279a2e64344f2e06ab1025a2d39ea1db39eb290590fd583d279b2851827,posapp.exe,possvc.exe /service,SYSTEM,HKLM\Software\Microsoft\Windows\CurrentVersion\Run\PosSvc,posapp.exe,1
ED00000112,2026-08-21T09:00:00,NRG-EAS-006,NRG-EAS-006-POS-01,possvc.exe,1f7e5ab1db7275fe477dd2f17e4ce6b9c3cadfeda9476a2e2df549fd54c83b3c,posapp.exe,possvc.exe /service,SYSTEM,HKLM\Software\Microsoft\Windows\CurrentVersion\Run\PosSvc,posapp.exe,1
ED00000113,2026-08-24T10:00:00,NRG-CEN-008,NRG-CEN-008-POS-03,possvc.exe,ea54cdb3d120ee3c24409c6234afe373411fa3f01c1e55450156ab923be66e25,posapp.exe,possvc.exe /service,SYSTEM,HKLM\Software\Microsoft\Windows\CurrentVersion\Run\PosSvc,posapp.exe,1
ED00000114,2026-08-27T11:00:00,NRG-COA-011,NRG-COA-011-POS-02,possvc.exe,64a14d1370a9585ede0b47787cf471c17c1b6cc6325c4ebbadbd816e1bd2d961,posapp.exe,possvc.exe /service,SYSTEM,HKLM\Software\Microsoft\Windows\CurrentVersion\Run\PosSvc,posapp.exe,1
ED00000115,2026-09-03T10:00:00,NRG-WIN-001,NRG-WIN-001-POS-01,VendorUpdater.exe,e5b9cee21c914d8f33528ec50d1a6e1f8d07e05627492304fea29cf0f6a01f38,services.exe,VendorUpdater.exe /scheduled,SYSTEM,,,1
ED00000116,2026-09-03T10:00:00,NRG-WIN-001,NRG-WIN-001-POS-02,VendorUpdater.exe,e5b9cee21c914d8f33528ec50d1a6e1f8d07e05627492304fea29cf0f6a01f38,services.exe,VendorUpdater.exe /scheduled,SYSTEM,,,1
ED00000117,2026-09-03T10:00:00,NRG-WIN-001,NRG-WIN-001-POS-03,VendorUpdater.exe,e5b9cee21c914d8f33528ec50d1a6e1f8d07e05627492304fea29cf0f6a01f38,services.exe,VendorUpdater.exe /scheduled,SYSTEM,,,1
ED00000118,2026-09-03T10:00:00,NRG-WIN-001,NRG-WIN-001-POS-04,VendorUpdater.exe,e5b9cee21c914d8f33528ec50d1a6e1f8d07e05627492304fea29cf0f6a01f38,services.exe,VendorUpdater.exe /scheduled,SYSTEM,,,1
ED00000119,2026-09-03T10:00:00,NRG-WIN-001,NRG-WIN-001-POS-05,VendorUpdater.exe,e5b9cee21c914d8f33528ec50d1a6e1f8d07e05627492304fea29cf0f6a01f38,services.exe,VendorUpdater.exe /scheduled,SYSTEM,,,1
ED00000120,2026-09-03T10:00:00,NRG-CEN-002,NRG-CEN-002-POS-01,VendorUpdater.exe,e5b9cee21c914d8f33528ec50d1a6e1f8d07e05627492304fea29cf0f6a01f38,services.exe,VendorUpdater.exe /scheduled,SYSTEM,,,1
ED00000121,2026-09-03T10:00:00,NRG-CEN-002,NRG-CEN-002-POS-02,VendorUpdater.exe,e5b9cee21c914d8f33528ec50d1a6e1f8d07e05627492304fea29cf0f6a01f38,services.exe,VendorUpdater.exe /scheduled,SYSTEM,,,1
ED00000122,2026-09-03T10:00:00,NRG-CEN-002,NRG-CEN-002-POS-03,VendorUpdater.exe,e5b9cee21c914d8f33528ec50d1a6e1f8d07e05627492304fea29cf0f6a01f38,services.exe,VendorUpdater.exe /scheduled,SYSTEM,,,1
ED00000123,2026-09-03T10:00:00,NRG-CEN-002,NRG-CEN-002-POS-04,VendorUpdater.exe,e5b9cee21c914d8f33528ec50d1a6e1f8d07e05627492304fea29cf0f6a01f38,services.exe,VendorUpdater.exe /scheduled,SYSTEM,,,1
ED00000124,2026-09-03T10:00:00,NRG-CEN-002,NRG-CEN-002-POS-05,VendorUpdater.exe,e5b9cee21c914d8f33528ec50d1a6e1f8d07e05627492304fea29cf0f6a01f38,services.exe,VendorUpdater.exe /scheduled,SYSTEM,,,1
ED00000125,2026-09-03T10:00:00,NRG-NOR-003,NRG-NOR-003-POS-01,VendorUpdater.exe,e5b9cee21c914d8f33528ec50d1a6e1f8d07e05627492304fea29cf0f6a01f38,services.exe,VendorUpdater.exe /scheduled,SYSTEM,,,1
ED00000126,2026-09-03T10:00:00,NRG-NOR-003,NRG-NOR-003-POS-02,VendorUpdater.exe,e5b9cee21c914d8f33528ec50d1a6e1f8d07e05627492304fea29cf0f6a01f38,services.exe,VendorUpdater.exe /scheduled,SYSTEM,,,1
ED00000127,2026-09-03T10:00:00,NRG-NOR-003,NRG-NOR-003-POS-03,VendorUpdater.exe,e5b9cee21c914d8f33528ec50d1a6e1f8d07e05627492304fea29cf0f6a01f38,services.exe,VendorUpdater.exe /scheduled,SYSTEM,,,1
ED00000128,2026-09-03T10:00:00,NRG-NOR-003,NRG-NOR-003-POS-04,VendorUpdater.exe,e5b9cee21c914d8f33528ec50d1a6e1f8d07e05627492304fea29cf0f6a01f38,services.exe,VendorUpdater.exe /scheduled,SYSTEM,,,1
ED00000129,2026-09-03T10:00:00,NRG-NOR-003,NRG-NOR-003-POS-05,VendorUpdater.exe,e5b9cee21c914d8f33528ec50d1a6e1f8d07e05627492304fea29cf0f6a01f38,services.exe,VendorUpdater.exe /scheduled,SYSTEM,,,1
ED00000130,2026-09-03T10:00:00,NRG-SOU-004,NRG-SOU-004-POS-01,VendorUpdater.exe,e5b9cee21c914d8f33528ec50d1a6e1f8d07e05627492304fea29cf0f6a01f38,services.exe,VendorUpdater.exe /scheduled,SYSTEM,,,1
ED00000131,2026-09-03T10:00:00,NRG-SOU-004,NRG-SOU-004-POS-02,VendorUpdater.exe,e5b9cee21c914d8f33528ec50d1a6e1f8d07e05627492304fea29cf0f6a01f38,services.exe,VendorUpdater.exe /scheduled,SYSTEM,,,1
ED00000132,2026-09-03T10:00:00,NRG-SOU-004,NRG-SOU-004-POS-03,VendorUpdater.exe,e5b9cee21c914d8f33528ec50d1a6e1f8d07e05627492304fea29cf0f6a01f38,services.exe,VendorUpdater.exe /scheduled,SYSTEM,,,1
ED00000133,2026-09-03T10:00:00,NRG-SOU-004,NRG-SOU-004-POS-04,VendorUpdater.exe,e5b9cee21c914d8f33528ec50d1a6e1f8d07e05627492304fea29cf0f6a01f38,services.exe,VendorUpdater.exe /scheduled,SYSTEM,,,1
ED00000134,2026-09-03T10:00:00,NRG-SOU-004,NRG-SOU-004-POS-05,VendorUpdater.exe,e5b9cee21c914d8f33528ec50d1a6e1f8d07e05627492304fea29cf0f6a01f38,services.exe,VendorUpdater.exe /scheduled,SYSTEM,,,1
ED00000135,2026-09-03T10:00:00,NRG-COA-005,NRG-COA-005-POS-01,VendorUpdater.exe,e5b9cee21c914d8f33528ec50d1a6e1f8d07e05627492304fea29cf0f6a01f38,services.exe,VendorUpdater.exe /scheduled,SYSTEM,,,1
ED00000136,2026-09-03T10:00:00,NRG-COA-005,NRG-COA-005-POS-02,VendorUpdater.exe,e5b9cee21c914d8f33528ec50d1a6e1f8d07e05627492304fea29cf0f6a01f38,services.exe,VendorUpdater.exe /scheduled,SYSTEM,,,1
ED00000137,2026-09-03T10:00:00,NRG-COA-005,NRG-COA-005-POS-03,VendorUpdater.exe,e5b9cee21c914d8f33528ec50d1a6e1f8d07e05627492304fea29cf0f6a01f38,services.exe,VendorUpdater.exe /scheduled,SYSTEM,,,1
ED00000138,2026-09-03T10:00:00,NRG-COA-005,NRG-COA-005-POS-04,VendorUpdater.exe,e5b9cee21c914d8f33528ec50d1a6e1f8d07e05627492304fea29cf0f6a01f38,services.exe,VendorUpdater.exe /scheduled,SYSTEM,,,1
ED00000139,2026-09-03T10:00:00,NRG-COA-005,NRG-COA-005-POS-05,VendorUpdater.exe,e5b9cee21c914d8f33528ec50d1a6e1f8d07e05627492304fea29cf0f6a01f38,services.exe,VendorUpdater.exe /scheduled,SYSTEM,,,1
ED00000140,2026-09-03T10:00:00,NRG-EAS-006,NRG-EAS-006-POS-01,VendorUpdater.exe,e5b9cee21c914d8f33528ec50d1a6e1f8d07e05627492304fea29cf0f6a01f38,services.exe,VendorUpdater.exe /scheduled,SYSTEM,,,1
ED00000141,2026-09-03T10:00:00,NRG-EAS-006,NRG-EAS-006-POS-02,VendorUpdater.exe,e5b9cee21c914d8f33528ec50d1a6e1f8d07e05627492304fea29cf0f6a01f38,services.exe,VendorUpdater.exe /scheduled,SYSTEM,,,1
ED00000142,2026-09-03T10:00:00,NRG-EAS-006,NRG-EAS-006-POS-03,VendorUpdater.exe,e5b9cee21c914d8f33528ec50d1a6e1f8d07e05627492304fea29cf0f6a01f38,services.exe,VendorUpdater.exe /scheduled,SYSTEM,,,1
ED00000143,2026-09-03T10:00:00,NRG-EAS-006,NRG-EAS-006-POS-04,VendorUpdater.exe,e5b9cee21c914d8f33528ec50d1a6e1f8d07e05627492304fea29cf0f6a01f38,services.exe,VendorUpdater.exe /scheduled,SYSTEM,,,1
ED00000144,2026-09-03T10:00:00,NRG-EAS-006,NRG-EAS-006-POS-05,VendorUpdater.exe,e5b9cee21c914d8f33528ec50d1a6e1f8d07e05627492304fea29cf0f6a01f38,services.exe,VendorUpdater.exe /scheduled,SYSTEM,,,1
ED00000145,2026-09-03T10:00:00,NRG-WIN-007,NRG-WIN-007-POS-01,VendorUpdater.exe,e5b9cee21c914d8f33528ec50d1a6e1f8d07e05627492304fea29cf0f6a01f38,services.exe,VendorUpdater.exe /scheduled,SYSTEM,,,1
ED00000146,2026-09-03T10:00:00,NRG-WIN-007,NRG-WIN-007-POS-02,VendorUpdater.exe,e5b9cee21c914d8f33528ec50d1a6e1f8d07e05627492304fea29cf0f6a01f38,services.exe,VendorUpdater.exe /scheduled,SYSTEM,,,1
ED00000147,2026-09-03T10:00:00,NRG-WIN-007,NRG-WIN-007-POS-03,VendorUpdater.exe,e5b9cee21c914d8f33528ec50d1a6e1f8d07e05627492304fea29cf0f6a01f38,services.exe,VendorUpdater.exe /scheduled,SYSTEM,,,1
ED00000148,2026-09-03T10:00:00,NRG-WIN-007,NRG-WIN-007-POS-04,VendorUpdater.exe,e5b9cee21c914d8f33528ec50d1a6e1f8d07e05627492304fea29cf0f6a01f38,services.exe,VendorUpdater.exe /scheduled,SYSTEM,,,1
ED00000149,2026-09-03T10:00:00,NRG-CEN-008,NRG-CEN-008-POS-01,VendorUpdater.exe,e5b9cee21c914d8f33528ec50d1a6e1f8d07e05627492304fea29cf0f6a01f38,services.exe,VendorUpdater.exe /scheduled,SYSTEM,,,1
ED00000150,2026-09-03T10:00:00,NRG-CEN-008,NRG-CEN-008-POS-02,VendorUpdater.exe,e5b9cee21c914d8f33528ec50d1a6e1f8d07e05627492304fea29cf0f6a01f38,services.exe,VendorUpdater.exe /scheduled,SYSTEM,,,1
ED00000151,2026-09-03T10:00:00,NRG-CEN-008,NRG-CEN-008-POS-03,VendorUpdater.exe,e5b9cee21c914d8f33528ec50d1a6e1f8d07e05627492304fea29cf0f6a01f38,services.exe,VendorUpdater.exe /scheduled,SYSTEM,,,1
ED00000152,2026-09-03T10:00:00,NRG-CEN-008,NRG-CEN-008-POS-04,VendorUpdater.exe,e5b9cee21c914d8f33528ec50d1a6e1f8d07e05627492304fea29cf0f6a01f38,services.exe,VendorUpdater.exe /scheduled,SYSTEM,,,1
ED00000153,2026-09-03T10:00:00,NRG-NOR-009,NRG-NOR-009-POS-01,VendorUpdater.exe,e5b9cee21c914d8f33528ec50d1a6e1f8d07e05627492304fea29cf0f6a01f38,services.exe,VendorUpdater.exe /scheduled,SYSTEM,,,1
ED00000154,2026-09-03T10:00:00,NRG-NOR-009,NRG-NOR-009-POS-02,VendorUpdater.exe,e5b9cee21c914d8f33528ec50d1a6e1f8d07e05627492304fea29cf0f6a01f38,services.exe,VendorUpdater.exe /scheduled,SYSTEM,,,1
ED00000155,2026-09-03T10:00:00,NRG-NOR-009,NRG-NOR-009-POS-03,VendorUpdater.exe,e5b9cee21c914d8f33528ec50d1a6e1f8d07e05627492304fea29cf0f6a01f38,services.exe,VendorUpdater.exe /scheduled,SYSTEM,,,1
ED00000156,2026-09-03T10:00:00,NRG-NOR-009,NRG-NOR-009-POS-04,VendorUpdater.exe,e5b9cee21c914d8f33528ec50d1a6e1f8d07e05627492304fea29cf0f6a01f38,services.exe,VendorUpdater.exe /scheduled,SYSTEM,,,1
ED00000157,2026-09-03T10:00:00,NRG-SOU-010,NRG-SOU-010-POS-01,VendorUpdater.exe,e5b9cee21c914d8f33528ec50d1a6e1f8d07e05627492304fea29cf0f6a01f38,services.exe,VendorUpdater.exe /scheduled,SYSTEM,,,1
ED00000158,2026-09-03T10:00:00,NRG-SOU-010,NRG-SOU-010-POS-02,VendorUpdater.exe,e5b9cee21c914d8f33528ec50d1a6e1f8d07e05627492304fea29cf0f6a01f38,services.exe,VendorUpdater.exe /scheduled,SYSTEM,,,1
ED00000159,2026-09-03T10:00:00,NRG-SOU-010,NRG-SOU-010-POS-03,VendorUpdater.exe,e5b9cee21c914d8f33528ec50d1a6e1f8d07e05627492304fea29cf0f6a01f38,services.exe,VendorUpdater.exe /scheduled,SYSTEM,,,1
ED00000160,2026-09-03T10:00:00,NRG-SOU-010,NRG-SOU-010-POS-04,VendorUpdater.exe,e5b9cee21c914d8f33528ec50d1a6e1f8d07e05627492304fea29cf0f6a01f38,services.exe,VendorUpdater.exe /scheduled,SYSTEM,,,1
ED00000161,2026-09-03T10:00:00,NRG-COA-011,NRG-COA-011-POS-01,VendorUpdater.exe,e5b9cee21c914d8f33528ec50d1a6e1f8d07e05627492304fea29cf0f6a01f38,services.exe,VendorUpdater.exe /scheduled,SYSTEM,,,1
ED00000162,2026-09-03T10:00:00,NRG-COA-011,NRG-COA-011-POS-02,VendorUpdater.exe,e5b9cee21c914d8f33528ec50d1a6e1f8d07e05627492304fea29cf0f6a01f38,services.exe,VendorUpdater.exe /scheduled,SYSTEM,,,1
ED00000163,2026-09-03T10:00:00,NRG-COA-011,NRG-COA-011-POS-03,VendorUpdater.exe,e5b9cee21c914d8f33528ec50d1a6e1f8d07e05627492304fea29cf0f6a01f38,services.exe,VendorUpdater.exe /scheduled,SYSTEM,,,1
ED00000164,2026-09-03T10:00:00,NRG-COA-011,NRG-COA-011-POS-04,VendorUpdater.exe,e5b9cee21c914d8f33528ec50d1a6e1f8d07e05627492304fea29cf0f6a01f38,services.exe,VendorUpdater.exe /scheduled,SYSTEM,,,1
ED00000165,2026-09-03T10:00:00,NRG-EAS-012,NRG-EAS-012-POS-01,VendorUpdater.exe,e5b9cee21c914d8f33528ec50d1a6e1f8d07e05627492304fea29cf0f6a01f38,services.exe,VendorUpdater.exe /scheduled,SYSTEM,,,1
ED00000166,2026-09-03T10:00:00,NRG-EAS-012,NRG-EAS-012-POS-02,VendorUpdater.exe,e5b9cee21c914d8f33528ec50d1a6e1f8d07e05627492304fea29cf0f6a01f38,services.exe,VendorUpdater.exe /scheduled,SYSTEM,,,1
ED00000167,2026-09-03T10:00:00,NRG-EAS-012,NRG-EAS-012-POS-03,VendorUpdater.exe,e5b9cee21c914d8f33528ec50d1a6e1f8d07e05627492304fea29cf0f6a01f38,services.exe,VendorUpdater.exe /scheduled,SYSTEM,,,1
ED00000168,2026-09-03T10:00:00,NRG-EAS-012,NRG-EAS-012-POS-04,VendorUpdater.exe,e5b9cee21c914d8f33528ec50d1a6e1f8d07e05627492304fea29cf0f6a01f38,services.exe,VendorUpdater.exe /scheduled,SYSTEM,,,1
