exception_id,timestamp,branch_id,terminal_id,event_type,item_count,value,supervisor_override
IE00000006,2026-06-13T09:02:00,NRG-HAR-REH-011,NRG-HAR-REH-011-POS-03,refund,1,0,1
IE00000001,2026-06-13T09:03:00,NRG-ERG-WVB-002,NRG-ERG-WVB-002-POS-03,refund,1,0,1
IE00000002,2026-06-13T09:28:00,NRG-ERG-SWK-003,NRG-ERG-SWK-003-POS-01,void,1,0,0
IE00000005,2026-06-13T09:28:00,NRG-OME-GOB-010,NRG-OME-GOB-010-POS-04,void,1,0,0
IE00000003,2026-06-13T09:33:00,NRG-KVE-RUN-005,NRG-KVE-RUN-005-POS-05,refund,1,0,1
IE00000004,2026-06-13T09:36:00,NRG-OTJ-OTW-006,NRG-OTJ-OTW-006-POS-05,refund,1,0,1
IE00000008,2026-06-14T09:02:00,NRG-ERG-WVB-002,NRG-ERG-WVB-002-POS-02,void,1,0,0
IE00000011,2026-06-14T09:10:00,NRG-OSA-OND-012,NRG-OSA-OND-012-POS-02,no_sale,1,0,0
IE00000009,2026-06-14T09:12:00,NRG-KHA-KTM-007,NRG-KHA-KTM-007-POS-04,void,1,0,0
IE00000007,2026-06-14T09:26:00,NRG-KHO-WDH-001,NRG-KHO-WDH-001-POS-05,refund,1,0,1
IE00000010,2026-06-14T09:37:00,NRG-ZAM-KTM-008,NRG-ZAM-KTM-008-POS-03,no_sale,1,0,0
IE00000018,2026-06-15T09:02:00,NRG-OSA-OND-012,NRG-OSA-OND-012-POS-04,void,1,0,0
IE00000015,2026-06-15T09:10:00,NRG-OSA-OSK-004,NRG-OSA-OSK-004-POS-03,no_sale,1,0,0
IE00000016,2026-06-15T09:13:00,NRG-KHA-KTM-007,NRG-KHA-KTM-007-POS-03,void,1,0,0
IE00000013,2026-06-15T09:19:00,NRG-KHO-WDH-001,NRG-KHO-WDH-001-POS-05,void,1,0,0
IE00000014,2026-06-15T09:21:00,NRG-ERG-SWK-003,NRG-ERG-SWK-003-POS-02,no_sale,1,0,0
IE00000017,2026-06-15T09:32:00,NRG-OME-GOB-010,NRG-OME-GOB-010-POS-03,void,1,0,0
IE00000012,2026-06-15T09:34:00,NRG-KHO-WDH-001,NRG-KHO-WDH-001-POS-01,no_sale,1,0,0
IE00000022,2026-06-16T09:04:00,NRG-OSA-OSK-004,NRG-OSA-OSK-004-POS-02,void,1,0,0
IE00000031,2026-06-16T09:04:00,NRG-OME-GOB-010,NRG-OME-GOB-010-POS-04,void,1,0,0
IE00000023,2026-06-16T09:07:00,NRG-OSA-OSK-004,NRG-OSA-OSK-004-POS-04,refund,1,0,1
IE00000027,2026-06-16T09:09:00,NRG-OTJ-OTW-006,NRG-OTJ-OTW-006-POS-02,no_sale,1,0,0
IE00000029,2026-06-16T09:09:00,NRG-ZAM-KTM-008,NRG-ZAM-KTM-008-POS-03,void,1,0,0
IE00000028,2026-06-16T09:10:00,NRG-ZAM-KTM-008,NRG-ZAM-KTM-008-POS-02,refund,1,0,1
IE00000030,2026-06-16T09:16:00,NRG-OSI-TSU-009,NRG-OSI-TSU-009-POS-01,no_sale,1,0,0
IE00000024,2026-06-16T09:21:00,NRG-OSA-OSK-004,NRG-OSA-OSK-004-POS-05,void,1,0,0
IE00000025,2026-06-16T09:26:00,NRG-KVE-RUN-005,NRG-KVE-RUN-005-POS-04,void,1,0,0
IE00000026,2026-06-16T09:35:00,NRG-KVE-RUN-005,NRG-KVE-RUN-005-POS-05,void,1,0,0
IE00000019,2026-06-16T09:39:00,NRG-KHO-WDH-001,NRG-KHO-WDH-001-POS-02,no_sale,1,0,0
IE00000020,2026-06-16T09:39:00,NRG-ERG-WVB-002,NRG-ERG-WVB-002-POS-01,no_sale,1,0,0
IE00000021,2026-06-16T09:39:00,NRG-ERG-SWK-003,NRG-ERG-SWK-003-POS-02,void,1,0,0
IE00000032,2026-06-17T09:00:00,NRG-KHO-WDH-001,NRG-KHO-WDH-001-POS-01,refund,1,0,1
IE00000042,2026-06-17T09:01:00,NRG-HAR-REH-011,NRG-HAR-REH-011-POS-03,void,1,0,0
IE00000034,2026-06-17T09:03:00,NRG-ERG-WVB-002,NRG-ERG-WVB-002-POS-03,refund,1,0,1
IE00000039,2026-06-17T09:04:00,NRG-KHA-KTM-007,NRG-KHA-KTM-007-POS-01,void,1,0,0
IE00000033,2026-06-17T09:09:00,NRG-KHO-WDH-001,NRG-KHO-WDH-001-POS-05,refund,1,0,1
IE00000038,2026-06-17T09:10:00,NRG-OTJ-OTW-006,NRG-OTJ-OTW-006-POS-03,void,1,0,0
IE00000037,2026-06-17T09:17:00,NRG-OTJ-OTW-006,NRG-OTJ-OTW-006-POS-02,void,1,0,0
IE00000035,2026-06-17T09:21:00,NRG-OSA-OSK-004,NRG-OSA-OSK-004-POS-05,void,1,0,0
IE00000041,2026-06-17T09:35:00,NRG-OME-GOB-010,NRG-OME-GOB-010-POS-03,refund,1,0,1
IE00000040,2026-06-17T09:36:00,NRG-OME-GOB-010,NRG-OME-GOB-010-POS-02,refund,1,0,1
IE00000036,2026-06-17T09:37:00,NRG-KVE-RUN-005,NRG-KVE-RUN-005-POS-01,void,1,0,0
IE00000052,2026-06-18T09:00:00,NRG-OME-GOB-010,NRG-OME-GOB-010-POS-03,no_sale,1,0,0
IE00000050,2026-06-18T09:19:00,NRG-ZAM-KTM-008,NRG-ZAM-KTM-008-POS-04,refund,1,0,1
IE00000043,2026-06-18T09:22:00,NRG-KHO-WDH-001,NRG-KHO-WDH-001-POS-01,refund,1,0,1
IE00000044,2026-06-18T09:22:00,NRG-KHO-WDH-001,NRG-KHO-WDH-001-POS-04,no_sale,1,0,0
IE00000045,2026-06-18T09:29:00,NRG-KHO-WDH-001,NRG-KHO-WDH-001-POS-05,void,1,0,0
IE00000046,2026-06-18T09:29:00,NRG-ERG-WVB-002,NRG-ERG-WVB-002-POS-04,void,1,0,0
IE00000048,2026-06-18T09:30:00,NRG-OTJ-OTW-006,NRG-OTJ-OTW-006-POS-01,void,1,0,0
IE00000049,2026-06-18T09:30:00,NRG-ZAM-KTM-008,NRG-ZAM-KTM-008-POS-03,refund,1,0,1
IE00000051,2026-06-18T09:30:00,NRG-OME-GOB-010,NRG-OME-GOB-010-POS-01,no_sale,1,0,0
IE00000047,2026-06-18T09:35:00,NRG-ERG-SWK-003,NRG-ERG-SWK-003-POS-05,refund,1,0,1
IE00000053,2026-06-18T09:37:00,NRG-OME-GOB-010,NRG-OME-GOB-010-POS-04,refund,1,0,1
IE00000055,2026-06-19T09:04:00,NRG-ERG-WVB-002,NRG-ERG-WVB-002-POS-05,no_sale,1,0,0
IE00000060,2026-06-19T09:06:00,NRG-OTJ-OTW-006,NRG-OTJ-OTW-006-POS-02,refund,1,0,1
IE00000062,2026-06-19T09:08:00,NRG-HAR-REH-011,NRG-HAR-REH-011-POS-01,no_sale,1,0,0
IE00000056,2026-06-19T09:10:00,NRG-ERG-SWK-003,NRG-ERG-SWK-003-POS-04,void,1,0,0
IE00000059,2026-06-19T09:13:00,NRG-KVE-RUN-005,NRG-KVE-RUN-005-POS-04,no_sale,1,0,0
IE00000054,2026-06-19T09:29:00,NRG-KHO-WDH-001,NRG-KHO-WDH-001-POS-03,refund,1,0,1
IE00000063,2026-06-19T09:29:00,NRG-OSA-OND-012,NRG-OSA-OND-012-POS-04,refund,1,0,1
IE00000058,2026-06-19T09:34:00,NRG-OSA-OSK-004,NRG-OSA-OSK-004-POS-03,refund,1,0,1
IE00000061,2026-06-19T09:37:00,NRG-ZAM-KTM-008,NRG-ZAM-KTM-008-POS-02,refund,1,0,1
IE00000057,2026-06-19T09:39:00,NRG-OSA-OSK-004,NRG-OSA-OSK-004-POS-02,refund,1,0,1
IE00000064,2026-06-20T09:12:00,NRG-ERG-WVB-002,NRG-ERG-WVB-002-POS-01,refund,1,0,1
IE00000068,2026-06-20T09:23:00,NRG-HAR-REH-011,NRG-HAR-REH-011-POS-04,refund,1,0,1
IE00000066,2026-06-20T09:24:00,NRG-OSA-OSK-004,NRG-OSA-OSK-004-POS-03,no_sale,1,0,0
IE00000070,2026-06-20T09:26:00,NRG-OSA-OND-012,NRG-OSA-OND-012-POS-03,no_sale,1,0,0
IE00000065,2026-06-20T09:28:00,NRG-ERG-WVB-002,NRG-ERG-WVB-002-POS-05,void,1,0,0
IE00000069,2026-06-20T09:30:00,NRG-OSA-OND-012,NRG-OSA-OND-012-POS-01,void,1,0,0
IE00000067,2026-06-20T09:39:00,NRG-KVE-RUN-005,NRG-KVE-RUN-005-POS-05,void,1,0,0
IE00000075,2026-06-21T09:01:00,NRG-KHA-KTM-007,NRG-KHA-KTM-007-POS-04,void,1,0,0
IE00000073,2026-06-21T09:12:00,NRG-KVE-RUN-005,NRG-KVE-RUN-005-POS-02,void,1,0,0
IE00000078,2026-06-21T09:12:00,NRG-OME-GOB-010,NRG-OME-GOB-010-POS-02,void,1,0,0
IE00000079,2026-06-21T09:28:00,NRG-OSA-OND-012,NRG-OSA-OND-012-POS-04,refund,1,0,1
IE00000071,2026-06-21T09:29:00,NRG-ERG-WVB-002,NRG-ERG-WVB-002-POS-01,refund,1,0,1
IE00000074,2026-06-21T09:31:00,NRG-OTJ-OTW-006,NRG-OTJ-OTW-006-POS-05,void,1,0,0
IE00000077,2026-06-21T09:32:00,NRG-ZAM-KTM-008,NRG-ZAM-KTM-008-POS-04,refund,1,0,1
IE00000076,2026-06-21T09:36:00,NRG-ZAM-KTM-008,NRG-ZAM-KTM-008-POS-01,void,1,0,0
IE00000072,2026-06-21T09:39:00,NRG-ERG-SWK-003,NRG-ERG-SWK-003-POS-02,no_sale,1,0,0
IE00000086,2026-06-22T09:03:00,NRG-OTJ-OTW-006,NRG-OTJ-OTW-006-POS-04,refund,1,0,1
IE00000092,2026-06-22T09:03:00,NRG-OME-GOB-010,NRG-OME-GOB-010-POS-04,no_sale,1,0,0
IE00000094,2026-06-22T09:03:00,NRG-HAR-REH-011,NRG-HAR-REH-011-POS-04,refund,1,0,1
IE00000082,2026-06-22T09:04:00,NRG-KVE-RUN-005,NRG-KVE-RUN-005-POS-02,refund,1,0,1
IE00000090,2026-06-22T09:06:00,NRG-ZAM-KTM-008,NRG-ZAM-KTM-008-POS-03,refund,1,0,1
IE00000083,2026-06-22T09:08:00,NRG-KVE-RUN-005,NRG-KVE-RUN-005-POS-05,refund,1,0,1
IE00000085,2026-06-22T09:09:00,NRG-OTJ-OTW-006,NRG-OTJ-OTW-006-POS-03,void,1,0,0
IE00000091,2026-06-22T09:12:00,NRG-OSI-TSU-009,NRG-OSI-TSU-009-POS-03,refund,1,0,1
IE00000088,2026-06-22T09:14:00,NRG-KHA-KTM-007,NRG-KHA-KTM-007-POS-03,void,1,0,0
IE00000080,2026-06-22T09:15:00,NRG-ERG-WVB-002,NRG-ERG-WVB-002-POS-03,refund,1,0,1
IE00000081,2026-06-22T09:15:00,NRG-OSA-OSK-004,NRG-OSA-OSK-004-POS-04,no_sale,1,0,0
IE00000093,2026-06-22T09:21:00,NRG-HAR-REH-011,NRG-HAR-REH-011-POS-01,no_sale,1,0,0
IE00000089,2026-06-22T09:27:00,NRG-ZAM-KTM-008,NRG-ZAM-KTM-008-POS-01,no_sale,1,0,0
IE00000084,2026-06-22T09:29:00,NRG-OTJ-OTW-006,NRG-OTJ-OTW-006-POS-02,void,1,0,0
IE00000087,2026-06-22T09:32:00,NRG-KHA-KTM-007,NRG-KHA-KTM-007-POS-01,refund,1,0,1
IE00000101,2026-06-23T09:02:00,NRG-ZAM-KTM-008,NRG-ZAM-KTM-008-POS-02,void,1,0,0
IE00000099,2026-06-23T09:03:00,NRG-OSA-OSK-004,NRG-OSA-OSK-004-POS-02,void,1,0,0
IE00000104,2026-06-23T09:11:00,NRG-HAR-REH-011,NRG-HAR-REH-011-POS-03,refund,1,0,1
IE00000097,2026-06-23T09:17:00,NRG-ERG-WVB-002,NRG-ERG-WVB-002-POS-01,void,1,0,0
IE00000095,2026-06-23T09:20:00,NRG-KHO-WDH-001,NRG-KHO-WDH-001-POS-03,refund,1,0,1
IE00000098,2026-06-23T09:21:00,NRG-OSA-OSK-004,NRG-OSA-OSK-004-POS-01,refund,1,0,1
IE00000096,2026-06-23T09:22:00,NRG-KHO-WDH-001,NRG-KHO-WDH-001-POS-04,void,1,0,0
IE00000100,2026-06-23T09:30:00,NRG-OSA-OSK-004,NRG-OSA-OSK-004-POS-04,void,1,0,0
IE00000102,2026-06-23T09:30:00,NRG-OSI-TSU-009,NRG-OSI-TSU-009-POS-02,refund,1,0,1
IE00000103,2026-06-23T09:35:00,NRG-OME-GOB-010,NRG-OME-GOB-010-POS-03,void,1,0,0
IE00000105,2026-06-24T09:13:00,NRG-KHO-WDH-001,NRG-KHO-WDH-001-POS-03,refund,1,0,1
IE00000107,2026-06-24T09:21:00,NRG-KHA-KTM-007,NRG-KHA-KTM-007-POS-02,no_sale,1,0,0
IE00000106,2026-06-24T09:31:00,NRG-ERG-WVB-002,NRG-ERG-WVB-002-POS-04,refund,1,0,1
IE00000115,2026-06-25T09:03:00,NRG-ZAM-KTM-008,NRG-ZAM-KTM-008-POS-02,no_sale,1,0,0
IE00000109,2026-06-25T09:04:00,NRG-ERG-WVB-002,NRG-ERG-WVB-002-POS-01,void,1,0,0
IE00000116,2026-06-25T09:16:00,NRG-HAR-REH-011,NRG-HAR-REH-011-POS-01,no_sale,1,0,0
IE00000108,2026-06-25T09:24:00,NRG-KHO-WDH-001,NRG-KHO-WDH-001-POS-01,void,1,0,0
IE00000114,2026-06-25T09:30:00,NRG-KHA-KTM-007,NRG-KHA-KTM-007-POS-02,no_sale,1,0,0
IE00000110,2026-06-25T09:34:00,NRG-ERG-WVB-002,NRG-ERG-WVB-002-POS-04,void,1,0,0
IE00000111,2026-06-25T09:34:00,NRG-ERG-WVB-002,NRG-ERG-WVB-002-POS-05,refund,1,0,1
IE00000112,2026-06-25T09:34:00,NRG-OSA-OSK-004,NRG-OSA-OSK-004-POS-03,void,1,0,0
IE00000113,2026-06-25T09:36:00,NRG-OTJ-OTW-006,NRG-OTJ-OTW-006-POS-04,no_sale,1,0,0
IE00000122,2026-06-26T09:06:00,NRG-KVE-RUN-005,NRG-KVE-RUN-005-POS-04,refund,1,0,1
IE00000125,2026-06-26T09:08:00,NRG-OSI-TSU-009,NRG-OSI-TSU-009-POS-01,no_sale,1,0,0
IE00000123,2026-06-26T09:09:00,NRG-OTJ-OTW-006,NRG-OTJ-OTW-006-POS-04,refund,1,0,1
IE00000119,2026-06-26T09:10:00,NRG-ERG-WVB-002,NRG-ERG-WVB-002-POS-05,void,1,0,0
IE00000117,2026-06-26T09:11:00,NRG-KHO-WDH-001,NRG-KHO-WDH-001-POS-03,no_sale,1,0,0
IE00000118,2026-06-26T09:11:00,NRG-KHO-WDH-001,NRG-KHO-WDH-001-POS-04,refund,1,0,1
IE00000127,2026-06-26T09:12:00,NRG-OME-GOB-010,NRG-OME-GOB-010-POS-01,void,1,0,0
IE00000128,2026-06-26T09:22:00,NRG-OSA-OND-012,NRG-OSA-OND-012-POS-02,void,1,0,0
IE00000124,2026-06-26T09:31:00,NRG-ZAM-KTM-008,NRG-ZAM-KTM-008-POS-04,void,1,0,0
IE00000126,2026-06-26T09:31:00,NRG-OSI-TSU-009,NRG-OSI-TSU-009-POS-04,void,1,0,0
IE00000120,2026-06-26T09:36:00,NRG-OSA-OSK-004,NRG-OSA-OSK-004-POS-04,refund,1,0,1
IE00000121,2026-06-26T09:38:00,NRG-OSA-OSK-004,NRG-OSA-OSK-004-POS-05,void,1,0,0
IE00000133,2026-06-27T09:00:00,NRG-OSA-OSK-004,NRG-OSA-OSK-004-POS-04,void,1,0,0
IE00000130,2026-06-27T09:04:00,NRG-ERG-SWK-003,NRG-ERG-SWK-003-POS-03,no_sale,1,0,0
IE00000135,2026-06-27T09:04:00,NRG-ZAM-KTM-008,NRG-ZAM-KTM-008-POS-03,void,1,0,0
IE00000129,2026-06-27T09:07:00,NRG-ERG-WVB-002,NRG-ERG-WVB-002-POS-04,void,1,0,0
IE00000131,2026-06-27T09:10:00,NRG-ERG-SWK-003,NRG-ERG-SWK-003-POS-04,no_sale,1,0,0
IE00000139,2026-06-27T09:11:00,NRG-HAR-REH-011,NRG-HAR-REH-011-POS-03,no_sale,1,0,0
IE00000132,2026-06-27T09:16:00,NRG-ERG-SWK-003,NRG-ERG-SWK-003-POS-05,no_sale,1,0,0
IE00000134,2026-06-27T09:20:00,NRG-OTJ-OTW-006,NRG-OTJ-OTW-006-POS-04,refund,1,0,1
IE00000138,2026-06-27T09:33:00,NRG-OME-GOB-010,NRG-OME-GOB-010-POS-03,refund,1,0,1
IE00000137,2026-06-27T09:34:00,NRG-OME-GOB-010,NRG-OME-GOB-010-POS-01,no_sale,1,0,0
IE00000136,2026-06-27T09:36:00,NRG-ZAM-KTM-008,NRG-ZAM-KTM-008-POS-04,void,1,0,0
IE00000144,2026-06-28T09:00:00,NRG-OSI-TSU-009,NRG-OSI-TSU-009-POS-04,no_sale,1,0,0
IE00000140,2026-06-28T09:05:00,NRG-KVE-RUN-005,NRG-KVE-RUN-005-POS-02,no_sale,1,0,0
IE00000142,2026-06-28T09:09:00,NRG-OTJ-OTW-006,NRG-OTJ-OTW-006-POS-05,refund,1,0,1
IE00000143,2026-06-28T09:10:00,NRG-KHA-KTM-007,NRG-KHA-KTM-007-POS-02,void,1,0,0
IE00000141,2026-06-28T09:29:00,NRG-OTJ-OTW-006,NRG-OTJ-OTW-006-POS-02,refund,1,0,1
IE00000145,2026-06-28T09:30:00,NRG-OME-GOB-010,NRG-OME-GOB-010-POS-03,refund,1,0,1
IE00000146,2026-06-29T09:02:00,NRG-ERG-SWK-003,NRG-ERG-SWK-003-POS-03,refund,1,0,1
IE00000150,2026-06-29T09:03:00,NRG-KVE-RUN-005,NRG-KVE-RUN-005-POS-05,no_sale,1,0,0
IE00000151,2026-06-29T09:05:00,NRG-KHA-KTM-007,NRG-KHA-KTM-007-POS-01,refund,1,0,1
IE00000147,2026-06-29T09:08:00,NRG-OSA-OSK-004,NRG-OSA-OSK-004-POS-03,no_sale,1,0,0
IE00000152,2026-06-29T09:08:00,NRG-OSI-TSU-009,NRG-OSI-TSU-009-POS-01,void,1,0,0
IE00000154,2026-06-29T09:19:00,NRG-OSA-OND-012,NRG-OSA-OND-012-POS-02,no_sale,1,0,0
IE00000149,2026-06-29T09:25:00,NRG-KVE-RUN-005,NRG-KVE-RUN-005-POS-04,refund,1,0,1
IE00000148,2026-06-29T09:32:00,NRG-KVE-RUN-005,NRG-KVE-RUN-005-POS-02,void,1,0,0
IE00000153,2026-06-29T09:36:00,NRG-HAR-REH-011,NRG-HAR-REH-011-POS-02,void,1,0,0
IE00000166,2026-06-30T09:06:00,NRG-HAR-REH-011,NRG-HAR-REH-011-POS-03,void,1,0,0
IE00000156,2026-06-30T09:08:00,NRG-ERG-WVB-002,NRG-ERG-WVB-002-POS-05,no_sale,1,0,0
IE00000164,2026-06-30T09:10:00,NRG-OME-GOB-010,NRG-OME-GOB-010-POS-04,no_sale,1,0,0
IE00000160,2026-06-30T09:15:00,NRG-OTJ-OTW-006,NRG-OTJ-OTW-006-POS-01,void,1,0,0
IE00000162,2026-06-30T09:18:00,NRG-ZAM-KTM-008,NRG-ZAM-KTM-008-POS-01,no_sale,1,0,0
IE00000155,2026-06-30T09:19:00,NRG-KHO-WDH-001,NRG-KHO-WDH-001-POS-04,void,1,0,0
IE00000159,2026-06-30T09:24:00,NRG-KVE-RUN-005,NRG-KVE-RUN-005-POS-01,void,1,0,0
IE00000158,2026-06-30T09:27:00,NRG-OSA-OSK-004,NRG-OSA-OSK-004-POS-05,void,1,0,0
IE00000165,2026-06-30T09:27:00,NRG-HAR-REH-011,NRG-HAR-REH-011-POS-02,void,1,0,0
IE00000163,2026-06-30T09:34:00,NRG-OSI-TSU-009,NRG-OSI-TSU-009-POS-04,no_sale,1,0,0
IE00000157,2026-06-30T09:36:00,NRG-ERG-SWK-003,NRG-ERG-SWK-003-POS-01,void,1,0,0
IE00000161,2026-06-30T09:39:00,NRG-OTJ-OTW-006,NRG-OTJ-OTW-006-POS-03,refund,1,0,1
IE00000173,2026-07-01T09:00:00,NRG-HAR-REH-011,NRG-HAR-REH-011-POS-01,void,1,0,0
IE00000170,2026-07-01T09:04:00,NRG-KVE-RUN-005,NRG-KVE-RUN-005-POS-04,void,1,0,0
IE00000171,2026-07-01T09:05:00,NRG-KVE-RUN-005,NRG-KVE-RUN-005-POS-05,no_sale,1,0,0
IE00000168,2026-07-01T09:10:00,NRG-OSA-OSK-004,NRG-OSA-OSK-004-POS-02,no_sale,1,0,0
IE00000169,2026-07-01T09:15:00,NRG-KVE-RUN-005,NRG-KVE-RUN-005-POS-01,refund,1,0,1
IE00000172,2026-07-01T09:25:00,NRG-OME-GOB-010,NRG-OME-GOB-010-POS-03,no_sale,1,0,0
IE00000167,2026-07-01T09:27:00,NRG-ERG-SWK-003,NRG-ERG-SWK-003-POS-04,void,1,0,0
IE00000180,2026-07-02T09:03:00,NRG-HAR-REH-011,NRG-HAR-REH-011-POS-04,no_sale,1,0,0
IE00000181,2026-07-02T09:04:00,NRG-OSA-OND-012,NRG-OSA-OND-012-POS-01,void,1,0,0
IE00000176,2026-07-02T09:12:00,NRG-OSA-OSK-004,NRG-OSA-OSK-004-POS-01,refund,1,0,1
IE00000175,2026-07-02T09:15:00,NRG-KHO-WDH-001,NRG-KHO-WDH-001-POS-03,refund,1,0,1
IE00000177,2026-07-02T09:16:00,NRG-OSA-OSK-004,NRG-OSA-OSK-004-POS-05,no_sale,1,0,0
IE00000174,2026-07-02T09:24:00,NRG-KHO-WDH-001,NRG-KHO-WDH-001-POS-01,void,1,0,0
IE00000179,2026-07-02T09:25:00,NRG-OME-GOB-010,NRG-OME-GOB-010-POS-02,void,1,0,0
IE00000178,2026-07-02T09:33:00,NRG-KHA-KTM-007,NRG-KHA-KTM-007-POS-01,refund,1,0,1
IE00000185,2026-07-03T09:03:00,NRG-OTJ-OTW-006,NRG-OTJ-OTW-006-POS-04,void,1,0,0
IE00000184,2026-07-03T09:08:00,NRG-KHO-WDH-001,NRG-KHO-WDH-001-POS-05,no_sale,1,0,0
IE00000182,2026-07-03T09:11:00,NRG-KHO-WDH-001,NRG-KHO-WDH-001-POS-01,refund,1,0,1
IE00000187,2026-07-03T09:16:00,NRG-HAR-REH-011,NRG-HAR-REH-011-POS-01,void,1,0,0
IE00000186,2026-07-03T09:28:00,NRG-OSI-TSU-009,NRG-OSI-TSU-009-POS-04,refund,1,0,1
IE00000183,2026-07-03T09:34:00,NRG-KHO-WDH-001,NRG-KHO-WDH-001-POS-02,no_sale,1,0,0
IE00000194,2026-07-04T09:00:00,NRG-ZAM-KTM-008,NRG-ZAM-KTM-008-POS-01,void,1,0,0
IE00000188,2026-07-04T09:01:00,NRG-KHO-WDH-001,NRG-KHO-WDH-001-POS-02,no_sale,1,0,0
IE00000189,2026-07-04T09:05:00,NRG-ERG-WVB-002,NRG-ERG-WVB-002-POS-03,void,1,0,0
IE00000193,2026-07-04T09:09:00,NRG-KHA-KTM-007,NRG-KHA-KTM-007-POS-04,refund,1,0,1
IE00000191,2026-07-04T09:12:00,NRG-OSA-OSK-004,NRG-OSA-OSK-004-POS-04,refund,1,0,1
IE00000195,2026-07-04T09:12:00,NRG-OSI-TSU-009,NRG-OSI-TSU-009-POS-02,refund,1,0,1
IE00000197,2026-07-04T09:19:00,NRG-OME-GOB-010,NRG-OME-GOB-010-POS-03,void,1,0,0
IE00000196,2026-07-04T09:23:00,NRG-OME-GOB-010,NRG-OME-GOB-010-POS-02,no_sale,1,0,0
IE00000190,2026-07-04T09:26:00,NRG-ERG-SWK-003,NRG-ERG-SWK-003-POS-03,no_sale,1,0,0
IE00000192,2026-07-04T09:36:00,NRG-KHA-KTM-007,NRG-KHA-KTM-007-POS-03,void,1,0,0
IE00000201,2026-07-05T09:01:00,NRG-KVE-RUN-005,NRG-KVE-RUN-005-POS-05,no_sale,1,0,0
IE00000198,2026-07-05T09:10:00,NRG-KHO-WDH-001,NRG-KHO-WDH-001-POS-03,no_sale,1,0,0
IE00000205,2026-07-05T09:10:00,NRG-OME-GOB-010,NRG-OME-GOB-010-POS-02,no_sale,1,0,0
IE00000199,2026-07-05T09:17:00,NRG-OSA-OSK-004,NRG-OSA-OSK-004-POS-04,refund,1,0,1
IE00000203,2026-07-05T09:20:00,NRG-OSI-TSU-009,NRG-OSI-TSU-009-POS-02,void,1,0,0
IE00000208,2026-07-05T09:22:00,NRG-OSA-OND-012,NRG-OSA-OND-012-POS-02,void,1,0,0
IE00000207,2026-07-05T09:30:00,NRG-HAR-REH-011,NRG-HAR-REH-011-POS-04,no_sale,1,0,0
IE00000204,2026-07-05T09:33:00,NRG-OSI-TSU-009,NRG-OSI-TSU-009-POS-03,refund,1,0,1
IE00000206,2026-07-05T09:35:00,NRG-HAR-REH-011,NRG-HAR-REH-011-POS-03,void,1,0,0
IE00000200,2026-07-05T09:36:00,NRG-KVE-RUN-005,NRG-KVE-RUN-005-POS-01,refund,1,0,1
IE00000202,2026-07-05T09:39:00,NRG-KHA-KTM-007,NRG-KHA-KTM-007-POS-01,refund,1,0,1
IE00000210,2026-07-06T09:08:00,NRG-ERG-WVB-002,NRG-ERG-WVB-002-POS-03,refund,1,0,1
IE00000209,2026-07-06T09:19:00,NRG-ERG-WVB-002,NRG-ERG-WVB-002-POS-01,refund,1,0,1
IE00000212,2026-07-06T09:23:00,NRG-OSI-TSU-009,NRG-OSI-TSU-009-POS-03,refund,1,0,1
IE00000211,2026-07-06T09:32:00,NRG-OSI-TSU-009,NRG-OSI-TSU-009-POS-02,no_sale,1,0,0
IE00000219,2026-07-07T09:01:00,NRG-OSA-OND-012,NRG-OSA-OND-012-POS-02,void,1,0,0
IE00000218,2026-07-07T09:04:00,NRG-OSA-OND-012,NRG-OSA-OND-012-POS-01,void,1,0,0
IE00000215,2026-07-07T09:14:00,NRG-KHA-KTM-007,NRG-KHA-KTM-007-POS-04,no_sale,1,0,0
IE00000216,2026-07-07T09:22:00,NRG-ZAM-KTM-008,NRG-ZAM-KTM-008-POS-04,no_sale,1,0,0
IE00000213,2026-07-07T09:30:00,NRG-ERG-WVB-002,NRG-ERG-WVB-002-POS-01,no_sale,1,0,0
IE00000217,2026-07-07T09:31:00,NRG-OME-GOB-010,NRG-OME-GOB-010-POS-02,refund,1,0,1
IE00000214,2026-07-07T09:35:00,NRG-OSA-OSK-004,NRG-OSA-OSK-004-POS-02,refund,1,0,1
IE00000223,2026-07-08T09:08:00,NRG-ERG-SWK-003,NRG-ERG-SWK-003-POS-05,no_sale,1,0,0
IE00000227,2026-07-08T09:19:00,NRG-OME-GOB-010,NRG-OME-GOB-010-POS-04,void,1,0,0
IE00000222,2026-07-08T09:20:00,NRG-ERG-SWK-003,NRG-ERG-SWK-003-POS-03,void,1,0,0
IE00000225,2026-07-08T09:21:00,NRG-OTJ-OTW-006,NRG-OTJ-OTW-006-POS-04,no_sale,1,0,0
IE00000228,2026-07-08T09:23:00,NRG-OSA-OND-012,NRG-OSA-OND-012-POS-01,refund,1,0,1
IE00000220,2026-07-08T09:27:00,NRG-KHO-WDH-001,NRG-KHO-WDH-001-POS-04,refund,1,0,1
IE00000224,2026-07-08T09:28:00,NRG-KVE-RUN-005,NRG-KVE-RUN-005-POS-05,void,1,0,0
IE00000221,2026-07-08T09:29:00,NRG-ERG-WVB-002,NRG-ERG-WVB-002-POS-04,void,1,0,0
IE00000226,2026-07-08T09:31:00,NRG-KHA-KTM-007,NRG-KHA-KTM-007-POS-04,no_sale,1,0,0
IE00000233,2026-07-09T09:01:00,NRG-ZAM-KTM-008,NRG-ZAM-KTM-008-POS-02,no_sale,1,0,0
IE00000237,2026-07-09T09:03:00,NRG-HAR-REH-011,NRG-HAR-REH-011-POS-01,no_sale,1,0,0
IE00000239,2026-07-09T09:10:00,NRG-OSA-OND-012,NRG-OSA-OND-012-POS-03,refund,1,0,1
IE00000238,2026-07-09T09:11:00,NRG-HAR-REH-011,NRG-HAR-REH-011-POS-02,refund,1,0,1
IE00000235,2026-07-09T09:12:00,NRG-OME-GOB-010,NRG-OME-GOB-010-POS-02,void,1,0,0
IE00000234,2026-07-09T09:17:00,NRG-ZAM-KTM-008,NRG-ZAM-KTM-008-POS-04,refund,1,0,1
IE00000236,2026-07-09T09:17:00,NRG-OME-GOB-010,NRG-OME-GOB-010-POS-04,void,1,0,0
IE00000231,2026-07-09T09:28:00,NRG-ERG-SWK-003,NRG-ERG-SWK-003-POS-01,refund,1,0,1
IE00000230,2026-07-09T09:31:00,NRG-ERG-WVB-002,NRG-ERG-WVB-002-POS-04,refund,1,0,1
IE00000232,2026-07-09T09:36:00,NRG-OSA-OSK-004,NRG-OSA-OSK-004-POS-05,void,1,0,0
IE00000229,2026-07-09T09:39:00,NRG-KHO-WDH-001,NRG-KHO-WDH-001-POS-05,void,1,0,0
IE00000243,2026-07-10T09:05:00,NRG-ERG-SWK-003,NRG-ERG-SWK-003-POS-04,void,1,0,0
IE00000240,2026-07-10T09:06:00,NRG-KHO-WDH-001,NRG-KHO-WDH-001-POS-04,refund,1,0,1
IE00000247,2026-07-10T09:06:00,NRG-OSA-OND-012,NRG-OSA-OND-012-POS-02,no_sale,1,0,0
IE00000245,2026-07-10T09:14:00,NRG-OME-GOB-010,NRG-OME-GOB-010-POS-01,no_sale,1,0,0
IE00000244,2026-07-10T09:21:00,NRG-OSA-OSK-004,NRG-OSA-OSK-004-POS-05,void,1,0,0
IE00000242,2026-07-10T09:23:00,NRG-ERG-WVB-002,NRG-ERG-WVB-002-POS-02,refund,1,0,1
IE00000246,2026-07-10T09:30:00,NRG-OME-GOB-010,NRG-OME-GOB-010-POS-04,refund,1,0,1
IE00000241,2026-07-10T09:33:00,NRG-KHO-WDH-001,NRG-KHO-WDH-001-POS-05,refund,1,0,1
IE00000259,2026-07-11T09:02:00,NRG-ZAM-KTM-008,NRG-ZAM-KTM-008-POS-01,void,1,0,0
IE00000250,2026-07-11T09:04:00,NRG-KHO-WDH-001,NRG-KHO-WDH-001-POS-05,void,1,0,0
IE00000249,2026-07-11T09:07:00,NRG-KHO-WDH-001,NRG-KHO-WDH-001-POS-04,void,1,0,0
IE00000252,2026-07-11T09:10:00,NRG-ERG-SWK-003,NRG-ERG-SWK-003-POS-01,void,1,0,0
IE00000258,2026-07-11T09:15:00,NRG-KHA-KTM-007,NRG-KHA-KTM-007-POS-02,refund,1,0,1
IE00000255,2026-07-11T09:17:00,NRG-KVE-RUN-005,NRG-KVE-RUN-005-POS-03,void,1,0,0
IE00000256,2026-07-11T09:18:00,NRG-OTJ-OTW-006,NRG-OTJ-OTW-006-POS-05,void,1,0,0
IE00000257,2026-07-11T09:20:00,NRG-KHA-KTM-007,NRG-KHA-KTM-007-POS-01,refund,1,0,1
IE00000253,2026-07-11T09:23:00,NRG-OSA-OSK-004,NRG-OSA-OSK-004-POS-03,void,1,0,0
IE00000261,2026-07-11T09:27:00,NRG-OSA-OND-012,NRG-OSA-OND-012-POS-04,no_sale,1,0,0
IE00000251,2026-07-11T09:28:00,NRG-ERG-WVB-002,NRG-ERG-WVB-002-POS-03,void,1,0,0
IE00000248,2026-07-11T09:29:00,NRG-KHO-WDH-001,NRG-KHO-WDH-001-POS-01,no_sale,1,0,0
IE00000254,2026-07-11T09:31:00,NRG-KVE-RUN-005,NRG-KVE-RUN-005-POS-01,void,1,0,0
IE00000260,2026-07-11T09:33:00,NRG-OSI-TSU-009,NRG-OSI-TSU-009-POS-01,no_sale,1,0,0
IE00000264,2026-07-12T09:15:00,NRG-KVE-RUN-005,NRG-KVE-RUN-005-POS-01,no_sale,1,0,0
IE00000263,2026-07-12T09:18:00,NRG-OSA-OSK-004,NRG-OSA-OSK-004-POS-02,void,1,0,0
IE00000262,2026-07-12T09:27:00,NRG-KHO-WDH-001,NRG-KHO-WDH-001-POS-01,no_sale,1,0,0
IE00000265,2026-07-12T09:30:00,NRG-KVE-RUN-005,NRG-KVE-RUN-005-POS-02,void,1,0,0
IE00000266,2026-07-12T09:36:00,NRG-HAR-REH-011,NRG-HAR-REH-011-POS-04,void,1,0,0
IE00000270,2026-07-13T09:03:00,NRG-OSI-TSU-009,NRG-OSI-TSU-009-POS-01,refund,1,0,1
IE00000267,2026-07-13T09:08:00,NRG-KHO-WDH-001,NRG-KHO-WDH-001-POS-05,void,1,0,0
IE00000268,2026-07-13T09:10:00,NRG-ERG-SWK-003,NRG-ERG-SWK-003-POS-02,void,1,0,0
IE00000269,2026-07-13T09:39:00,NRG-KHA-KTM-007,NRG-KHA-KTM-007-POS-03,no_sale,1,0,0
IE00000279,2026-07-14T09:00:00,NRG-OSA-OND-012,NRG-OSA-OND-012-POS-04,no_sale,1,0,0
IE00000271,2026-07-14T09:11:00,NRG-KHO-WDH-001,NRG-KHO-WDH-001-POS-04,no_sale,1,0,0
IE00000274,2026-07-14T09:14:00,NRG-KVE-RUN-005,NRG-KVE-RUN-005-POS-04,void,1,0,0
IE00000277,2026-07-14T09:16:00,NRG-OME-GOB-010,NRG-OME-GOB-010-POS-02,void,1,0,0
IE00000272,2026-07-14T09:18:00,NRG-KHO-WDH-001,NRG-KHO-WDH-001-POS-05,no_sale,1,0,0
IE00000275,2026-07-14T09:18:00,NRG-KVE-RUN-005,NRG-KVE-RUN-005-POS-05,refund,1,0,1
IE00000276,2026-07-14T09:18:00,NRG-OSI-TSU-009,NRG-OSI-TSU-009-POS-03,void,1,0,0
IE00000278,2026-07-14T09:19:00,NRG-HAR-REH-011,NRG-HAR-REH-011-POS-04,refund,1,0,1
IE00000273,2026-07-14T09:25:00,NRG-ERG-WVB-002,NRG-ERG-WVB-002-POS-01,void,1,0,0
IE00000284,2026-07-15T09:05:00,NRG-KHA-KTM-007,NRG-KHA-KTM-007-POS-04,void,1,0,0
IE00000285,2026-07-15T09:18:00,NRG-HAR-REH-011,NRG-HAR-REH-011-POS-02,void,1,0,0
IE00000280,2026-07-15T09:21:00,NRG-KHO-WDH-001,NRG-KHO-WDH-001-POS-05,void,1,0,0
IE00000286,2026-07-15T09:21:00,NRG-OSA-OND-012,NRG-OSA-OND-012-POS-01,void,1,0,0
IE00000281,2026-07-15T09:26:00,NRG-OSA-OSK-004,NRG-OSA-OSK-004-POS-01,void,1,0,0
IE00000283,2026-07-15T09:28:00,NRG-KVE-RUN-005,NRG-KVE-RUN-005-POS-03,refund,1,0,1
IE00000282,2026-07-15T09:29:00,NRG-KVE-RUN-005,NRG-KVE-RUN-005-POS-02,void,1,0,0
IE00000288,2026-07-16T09:03:00,NRG-KHO-WDH-001,NRG-KHO-WDH-001-POS-04,no_sale,1,0,0
IE00000295,2026-07-16T09:06:00,NRG-ZAM-KTM-008,NRG-ZAM-KTM-008-POS-04,refund,1,0,1
IE00000297,2026-07-16T09:07:00,NRG-OSA-OND-012,NRG-OSA-OND-012-POS-03,no_sale,1,0,0
IE00000290,2026-07-16T09:08:00,NRG-ERG-SWK-003,NRG-ERG-SWK-003-POS-04,no_sale,1,0,0
IE00000293,2026-07-16T09:16:00,NRG-KHA-KTM-007,NRG-KHA-KTM-007-POS-01,refund,1,0,1
IE00000294,2026-07-16T09:20:00,NRG-ZAM-KTM-008,NRG-ZAM-KTM-008-POS-03,no_sale,1,0,0
IE00000292,2026-07-16T09:22:00,NRG-OSA-OSK-004,NRG-OSA-OSK-004-POS-02,no_sale,1,0,0
IE00000287,2026-07-16T09:24:00,NRG-KHO-WDH-001,NRG-KHO-WDH-001-POS-01,void,1,0,0
IE00000296,2026-07-16T09:29:00,NRG-OSA-OND-012,NRG-OSA-OND-012-POS-02,no_sale,1,0,0
IE00000289,2026-07-16T09:30:00,NRG-ERG-WVB-002,NRG-ERG-WVB-002-POS-02,refund,1,0,1
IE00000291,2026-07-16T09:30:00,NRG-OSA-OSK-004,NRG-OSA-OSK-004-POS-01,no_sale,1,0,0
IE00000302,2026-07-17T09:01:00,NRG-KHA-KTM-007,NRG-KHA-KTM-007-POS-02,refund,1,0,1
IE00000304,2026-07-17T09:06:00,NRG-KHA-KTM-007,NRG-KHA-KTM-007-POS-04,no_sale,1,0,0
IE00000300,2026-07-17T09:18:00,NRG-OTJ-OTW-006,NRG-OTJ-OTW-006-POS-02,no_sale,1,0,0
IE00000301,2026-07-17T09:18:00,NRG-KHA-KTM-007,NRG-KHA-KTM-007-POS-01,refund,1,0,1
IE00000303,2026-07-17T09:22:00,NRG-KHA-KTM-007,NRG-KHA-KTM-007-POS-03,refund,1,0,1
IE00000298,2026-07-17T09:35:00,NRG-ERG-SWK-003,NRG-ERG-SWK-003-POS-01,refund,1,0,1
IE00000299,2026-07-17T09:35:00,NRG-OSA-OSK-004,NRG-OSA-OSK-004-POS-05,void,1,0,0
IE00000314,2026-07-18T09:01:00,NRG-ZAM-KTM-008,NRG-ZAM-KTM-008-POS-02,void,1,0,0
IE00000305,2026-07-18T09:02:00,NRG-KHO-WDH-001,NRG-KHO-WDH-001-POS-04,refund,1,0,1
IE00000316,2026-07-18T09:02:00,NRG-OSA-OND-012,NRG-OSA-OND-012-POS-02,refund,1,0,1
IE00000310,2026-07-18T09:04:00,NRG-OSA-OSK-004,NRG-OSA-OSK-004-POS-04,refund,1,0,1
IE00000306,2026-07-18T09:07:00,NRG-KHO-WDH-001,NRG-KHO-WDH-001-POS-05,void,1,0,0
IE00000317,2026-07-18T09:07:00,NRG-OSA-OND-012,NRG-OSA-OND-012-POS-04,refund,1,0,1
IE00000312,2026-07-18T09:17:00,NRG-OTJ-OTW-006,NRG-OTJ-OTW-006-POS-02,refund,1,0,1
IE00000308,2026-07-18T09:28:00,NRG-ERG-WVB-002,NRG-ERG-WVB-002-POS-04,void,1,0,0
IE00000311,2026-07-18T09:30:00,NRG-OTJ-OTW-006,NRG-OTJ-OTW-006-POS-01,void,1,0,0
IE00000313,2026-07-18T09:31:00,NRG-ZAM-KTM-008,NRG-ZAM-KTM-008-POS-01,refund,1,0,1
IE00000309,2026-07-18T09:33:00,NRG-ERG-SWK-003,NRG-ERG-SWK-003-POS-04,refund,1,0,1
IE00000307,2026-07-18T09:36:00,NRG-ERG-WVB-002,NRG-ERG-WVB-002-POS-01,refund,1,0,1
IE00000315,2026-07-18T09:36:00,NRG-OSI-TSU-009,NRG-OSI-TSU-009-POS-03,refund,1,0,1
IE00000322,2026-07-19T09:04:00,NRG-ZAM-KTM-008,NRG-ZAM-KTM-008-POS-02,void,1,0,0
IE00000325,2026-07-19T09:05:00,NRG-OSA-OND-012,NRG-OSA-OND-012-POS-02,void,1,0,0
IE00000324,2026-07-19T09:08:00,NRG-OSI-TSU-009,NRG-OSI-TSU-009-POS-04,void,1,0,0
IE00000320,2026-07-19T09:29:00,NRG-OTJ-OTW-006,NRG-OTJ-OTW-006-POS-03,void,1,0,0
IE00000321,2026-07-19T09:29:00,NRG-KHA-KTM-007,NRG-KHA-KTM-007-POS-04,void,1,0,0
IE00000319,2026-07-19T09:32:00,NRG-OSA-OSK-004,NRG-OSA-OSK-004-POS-02,no_sale,1,0,0
IE00000323,2026-07-19T09:36:00,NRG-ZAM-KTM-008,NRG-ZAM-KTM-008-POS-03,refund,1,0,1
IE00000318,2026-07-19T09:38:00,NRG-ERG-WVB-002,NRG-ERG-WVB-002-POS-01,refund,1,0,1
IE00000326,2026-07-20T09:03:00,NRG-KHO-WDH-001,NRG-KHO-WDH-001-POS-02,no_sale,1,0,0
IE00000335,2026-07-20T09:04:00,NRG-OSI-TSU-009,NRG-OSI-TSU-009-POS-02,void,1,0,0
IE00000336,2026-07-20T09:06:00,NRG-OME-GOB-010,NRG-OME-GOB-010-POS-02,no_sale,1,0,0
IE00000332,2026-07-20T09:09:00,NRG-OTJ-OTW-006,NRG-OTJ-OTW-006-POS-05,no_sale,1,0,0
IE00000328,2026-07-20T09:13:00,NRG-KHO-WDH-001,NRG-KHO-WDH-001-POS-04,no_sale,1,0,0
IE00000334,2026-07-20T09:15:00,NRG-KHA-KTM-007,NRG-KHA-KTM-007-POS-04,refund,1,0,1
IE00000333,2026-07-20T09:18:00,NRG-KHA-KTM-007,NRG-KHA-KTM-007-POS-02,no_sale,1,0,0
IE00000329,2026-07-20T09:19:00,NRG-OSA-OSK-004,NRG-OSA-OSK-004-POS-02,refund,1,0,1
IE00000330,2026-07-20T09:24:00,NRG-KVE-RUN-005,NRG-KVE-RUN-005-POS-01,void,1,0,0
IE00000331,2026-07-20T09:24:00,NRG-KVE-RUN-005,NRG-KVE-RUN-005-POS-03,refund,1,0,1
IE00000327,2026-07-20T09:28:00,NRG-KHO-WDH-001,NRG-KHO-WDH-001-POS-03,no_sale,1,0,0
IE00000337,2026-07-20T09:35:00,NRG-OME-GOB-010,NRG-OME-GOB-010-POS-03,no_sale,1,0,0
IE00000338,2026-07-20T09:36:00,NRG-OSA-OND-012,NRG-OSA-OND-012-POS-04,refund,1,0,1
IE00000341,2026-07-21T09:05:00,NRG-ERG-SWK-003,NRG-ERG-SWK-003-POS-01,refund,1,0,1
IE00000342,2026-07-21T09:08:00,NRG-ERG-SWK-003,NRG-ERG-SWK-003-POS-02,refund,1,0,1
IE00000344,2026-07-21T09:15:00,NRG-KVE-RUN-005,NRG-KVE-RUN-005-POS-01,refund,1,0,1
IE00000345,2026-07-21T09:16:00,NRG-OTJ-OTW-006,NRG-OTJ-OTW-006-POS-01,no_sale,1,0,0
IE00000339,2026-07-21T09:31:00,NRG-KHO-WDH-001,NRG-KHO-WDH-001-POS-05,no_sale,1,0,0
IE00000340,2026-07-21T09:35:00,NRG-ERG-WVB-002,NRG-ERG-WVB-002-POS-02,refund,1,0,1
IE00000343,2026-07-21T09:38:00,NRG-ERG-SWK-003,NRG-ERG-SWK-003-POS-04,void,1,0,0
IE00000347,2026-07-22T09:01:00,NRG-ERG-WVB-002,NRG-ERG-WVB-002-POS-01,refund,1,0,1
IE00000348,2026-07-22T09:03:00,NRG-ERG-WVB-002,NRG-ERG-WVB-002-POS-03,no_sale,1,0,0
IE00000346,2026-07-22T09:21:00,NRG-KHO-WDH-001,NRG-KHO-WDH-001-POS-02,refund,1,0,1
IE00000350,2026-07-22T09:29:00,NRG-OTJ-OTW-006,NRG-OTJ-OTW-006-POS-05,no_sale,1,0,0
IE00000349,2026-07-22T09:37:00,NRG-ERG-SWK-003,NRG-ERG-SWK-003-POS-02,void,1,0,0
IE00000359,2026-07-23T09:06:00,NRG-ZAM-KTM-008,NRG-ZAM-KTM-008-POS-03,refund,1,0,1
IE00000358,2026-07-23T09:07:00,NRG-KHA-KTM-007,NRG-KHA-KTM-007-POS-02,refund,1,0,1
IE00000351,2026-07-23T09:08:00,NRG-ERG-WVB-002,NRG-ERG-WVB-002-POS-03,void,1,0,0
IE00000355,2026-07-23T09:08:00,NRG-OTJ-OTW-006,NRG-OTJ-OTW-006-POS-01,refund,1,0,1
IE00000360,2026-07-23T09:08:00,NRG-OME-GOB-010,NRG-OME-GOB-010-POS-01,no_sale,1,0,0
IE00000356,2026-07-23T09:16:00,NRG-OTJ-OTW-006,NRG-OTJ-OTW-006-POS-02,no_sale,1,0,0
IE00000352,2026-07-23T09:24:00,NRG-ERG-SWK-003,NRG-ERG-SWK-003-POS-03,refund,1,0,1
IE00000357,2026-07-23T09:25:00,NRG-OTJ-OTW-006,NRG-OTJ-OTW-006-POS-03,void,1,0,0
IE00000354,2026-07-23T09:27:00,NRG-OSA-OSK-004,NRG-OSA-OSK-004-POS-03,void,1,0,0
IE00000353,2026-07-23T09:38:00,NRG-OSA-OSK-004,NRG-OSA-OSK-004-POS-02,void,1,0,0
IE00000371,2026-07-24T09:03:00,NRG-HAR-REH-011,NRG-HAR-REH-011-POS-04,refund,1,0,1
IE00000366,2026-07-24T09:06:00,NRG-OSI-TSU-009,NRG-OSI-TSU-009-POS-01,no_sale,1,0,0
IE00000370,2026-07-24T09:14:00,NRG-HAR-REH-011,NRG-HAR-REH-011-POS-01,void,1,0,0
IE00000365,2026-07-24T09:15:00,NRG-KHA-KTM-007,NRG-KHA-KTM-007-POS-01,refund,1,0,1
IE00000362,2026-07-24T09:19:00,NRG-ERG-SWK-003,NRG-ERG-SWK-003-POS-02,no_sale,1,0,0
IE00000367,2026-07-24T09:20:00,NRG-OME-GOB-010,NRG-OME-GOB-010-POS-02,refund,1,0,1
IE00000368,2026-07-24T09:20:00,NRG-OME-GOB-010,NRG-OME-GOB-010-POS-03,void,1,0,0
IE00000361,2026-07-24T09:22:00,NRG-KHO-WDH-001,NRG-KHO-WDH-001-POS-02,void,1,0,0
IE00000363,2026-07-24T09:22:00,NRG-KVE-RUN-005,NRG-KVE-RUN-005-POS-04,void,1,0,0
IE00000364,2026-07-24T09:24:00,NRG-OTJ-OTW-006,NRG-OTJ-OTW-006-POS-05,void,1,0,0
IE00000369,2026-07-24T09:33:00,NRG-OME-GOB-010,NRG-OME-GOB-010-POS-04,no_sale,1,0,0
IE00000377,2026-07-25T09:04:00,NRG-OTJ-OTW-006,NRG-OTJ-OTW-006-POS-01,refund,1,0,1
IE00000372,2026-07-25T09:07:00,NRG-ERG-WVB-002,NRG-ERG-WVB-002-POS-01,refund,1,0,1
IE00000379,2026-07-25T09:09:00,NRG-KHA-KTM-007,NRG-KHA-KTM-007-POS-04,refund,1,0,1
IE00000378,2026-07-25T09:10:00,NRG-OTJ-OTW-006,NRG-OTJ-OTW-006-POS-03,no_sale,1,0,0
IE00000374,2026-07-25T09:14:00,NRG-ERG-SWK-003,NRG-ERG-SWK-003-POS-02,refund,1,0,1
IE00000373,2026-07-25T09:17:00,NRG-ERG-SWK-003,NRG-ERG-SWK-003-POS-01,void,1,0,0
IE00000375,2026-07-25T09:34:00,NRG-ERG-SWK-003,NRG-ERG-SWK-003-POS-05,refund,1,0,1
IE00000376,2026-07-25T09:38:00,NRG-OSA-OSK-004,NRG-OSA-OSK-004-POS-02,no_sale,1,0,0
IE00000383,2026-07-26T09:00:00,NRG-KVE-RUN-005,NRG-KVE-RUN-005-POS-01,refund,1,0,1
IE00000382,2026-07-26T09:02:00,NRG-OSA-OSK-004,NRG-OSA-OSK-004-POS-03,refund,1,0,1
IE00000380,2026-07-26T09:07:00,NRG-ERG-WVB-002,NRG-ERG-WVB-002-POS-05,no_sale,1,0,0
IE00000386,2026-07-26T09:13:00,NRG-HAR-REH-011,NRG-HAR-REH-011-POS-04,void,1,0,0
IE00000384,2026-07-26T09:19:00,NRG-KVE-RUN-005,NRG-KVE-RUN-005-POS-04,refund,1,0,1
IE00000385,2026-07-26T09:25:00,NRG-OME-GOB-010,NRG-OME-GOB-010-POS-01,refund,1,0,1
IE00000381,2026-07-26T09:26:00,NRG-ERG-SWK-003,NRG-ERG-SWK-003-POS-01,refund,1,0,1
IE00000395,2026-07-27T09:01:00,NRG-OSA-OND-012,NRG-OSA-OND-012-POS-03,no_sale,1,0,0
IE00000387,2026-07-27T09:03:00,NRG-KHO-WDH-001,NRG-KHO-WDH-001-POS-04,refund,1,0,1
IE00000388,2026-07-27T09:03:00,NRG-ERG-WVB-002,NRG-ERG-WVB-002-POS-01,void,1,0,0
IE00000391,2026-07-27T09:03:00,NRG-ERG-SWK-003,NRG-ERG-SWK-003-POS-03,void,1,0,0
IE00000394,2026-07-27T09:04:00,NRG-HAR-REH-011,NRG-HAR-REH-011-POS-03,refund,1,0,1
IE00000392,2026-07-27T09:05:00,NRG-KVE-RUN-005,NRG-KVE-RUN-005-POS-05,refund,1,0,1
IE00000393,2026-07-27T09:24:00,NRG-HAR-REH-011,NRG-HAR-REH-011-POS-02,no_sale,1,0,0
IE00000390,2026-07-27T09:27:00,NRG-ERG-SWK-003,NRG-ERG-SWK-003-POS-01,no_sale,1,0,0
IE00000389,2026-07-27T09:39:00,NRG-ERG-WVB-002,NRG-ERG-WVB-002-POS-02,refund,1,0,1
IE00000400,2026-07-28T09:09:00,NRG-OSA-OND-012,NRG-OSA-OND-012-POS-01,void,1,0,0
IE00000398,2026-07-28T09:10:00,NRG-KVE-RUN-005,NRG-KVE-RUN-005-POS-02,void,1,0,0
IE00000396,2026-07-28T09:26:00,NRG-OSA-OSK-004,NRG-OSA-OSK-004-POS-02,refund,1,0,1
IE00000399,2026-07-28T09:27:00,NRG-OTJ-OTW-006,NRG-OTJ-OTW-006-POS-02,void,1,0,0
IE00000397,2026-07-28T09:36:00,NRG-OSA-OSK-004,NRG-OSA-OSK-004-POS-03,refund,1,0,1
IE00000402,2026-07-29T09:04:00,NRG-ERG-WVB-002,NRG-ERG-WVB-002-POS-04,refund,1,0,1
IE00000415,2026-07-29T09:16:00,NRG-OSA-OND-012,NRG-OSA-OND-012-POS-01,void,1,0,0
IE00000403,2026-07-29T09:17:00,NRG-ERG-SWK-003,NRG-ERG-SWK-003-POS-01,void,1,0,0
IE00000408,2026-07-29T09:19:00,NRG-OTJ-OTW-006,NRG-OTJ-OTW-006-POS-03,void,1,0,0
IE00000410,2026-07-29T09:23:00,NRG-OSI-TSU-009,NRG-OSI-TSU-009-POS-02,no_sale,1,0,0
IE00000405,2026-07-29T09:24:00,NRG-OSA-OSK-004,NRG-OSA-OSK-004-POS-01,no_sale,1,0,0
IE00000404,2026-07-29T09:26:00,NRG-ERG-SWK-003,NRG-ERG-SWK-003-POS-04,refund,1,0,1
IE00000401,2026-07-29T09:27:00,NRG-ERG-WVB-002,NRG-ERG-WVB-002-POS-03,refund,1,0,1
IE00000414,2026-07-29T09:27:00,NRG-HAR-REH-011,NRG-HAR-REH-011-POS-04,no_sale,1,0,0
IE00000413,2026-07-29T09:28:00,NRG-OME-GOB-010,NRG-OME-GOB-010-POS-04,refund,1,0,1
IE00000409,2026-07-29T09:30:00,NRG-ZAM-KTM-008,NRG-ZAM-KTM-008-POS-02,refund,1,0,1
IE00000412,2026-07-29T09:30:00,NRG-OME-GOB-010,NRG-OME-GOB-010-POS-02,refund,1,0,1
IE00000411,2026-07-29T09:31:00,NRG-OSI-TSU-009,NRG-OSI-TSU-009-POS-03,no_sale,1,0,0
IE00000406,2026-07-29T09:34:00,NRG-OSA-OSK-004,NRG-OSA-OSK-004-POS-04,refund,1,0,1
IE00000407,2026-07-29T09:34:00,NRG-KVE-RUN-005,NRG-KVE-RUN-005-POS-05,refund,1,0,1
IE00000416,2026-07-29T09:37:00,NRG-OSA-OND-012,NRG-OSA-OND-012-POS-02,void,1,0,0
IE00000420,2026-07-30T09:01:00,NRG-OTJ-OTW-006,NRG-OTJ-OTW-006-POS-01,no_sale,1,0,0
IE00000417,2026-07-30T09:12:00,NRG-KHO-WDH-001,NRG-KHO-WDH-001-POS-04,refund,1,0,1
IE00000423,2026-07-30T09:12:00,NRG-ZAM-KTM-008,NRG-ZAM-KTM-008-POS-04,void,1,0,0
IE00000421,2026-07-30T09:13:00,NRG-OTJ-OTW-006,NRG-OTJ-OTW-006-POS-04,refund,1,0,1
IE00000426,2026-07-30T09:14:00,NRG-OME-GOB-010,NRG-OME-GOB-010-POS-02,no_sale,1,0,0
IE00000424,2026-07-30T09:18:00,NRG-OSI-TSU-009,NRG-OSI-TSU-009-POS-04,no_sale,1,0,0
IE00000425,2026-07-30T09:21:00,NRG-OME-GOB-010,NRG-OME-GOB-010-POS-01,refund,1,0,1
IE00000419,2026-07-30T09:26:00,NRG-OSA-OSK-004,NRG-OSA-OSK-004-POS-03,void,1,0,0
IE00000418,2026-07-30T09:28:00,NRG-ERG-SWK-003,NRG-ERG-SWK-003-POS-01,void,1,0,0
IE00000422,2026-07-30T09:33:00,NRG-OTJ-OTW-006,NRG-OTJ-OTW-006-POS-05,void,1,0,0
IE00000430,2026-07-31T09:03:00,NRG-OSA-OSK-004,NRG-OSA-OSK-004-POS-05,refund,1,0,1
IE00000429,2026-07-31T09:22:00,NRG-OSA-OSK-004,NRG-OSA-OSK-004-POS-03,no_sale,1,0,0
IE00000435,2026-07-31T09:22:00,NRG-OSI-TSU-009,NRG-OSI-TSU-009-POS-01,refund,1,0,1
IE00000431,2026-07-31T09:24:00,NRG-KHA-KTM-007,NRG-KHA-KTM-007-POS-03,void,1,0,0
IE00000436,2026-07-31T09:25:00,NRG-OSA-OND-012,NRG-OSA-OND-012-POS-04,void,1,0,0
IE00000434,2026-07-31T09:28:00,NRG-ZAM-KTM-008,NRG-ZAM-KTM-008-POS-04,void,1,0,0
IE00000427,2026-07-31T09:31:00,NRG-KHO-WDH-001,NRG-KHO-WDH-001-POS-02,void,1,0,0
IE00000432,2026-07-31T09:34:00,NRG-KHA-KTM-007,NRG-KHA-KTM-007-POS-04,no_sale,1,0,0
IE00000428,2026-07-31T09:37:00,NRG-KHO-WDH-001,NRG-KHO-WDH-001-POS-05,void,1,0,0
IE00000433,2026-07-31T09:37:00,NRG-ZAM-KTM-008,NRG-ZAM-KTM-008-POS-01,no_sale,1,0,0
IE00000439,2026-08-01T09:06:00,NRG-ERG-SWK-003,NRG-ERG-SWK-003-POS-03,refund,1,0,1
IE00000441,2026-08-01T09:06:00,NRG-OSA-OSK-004,NRG-OSA-OSK-004-POS-02,no_sale,1,0,0
IE00000442,2026-08-01T09:07:00,NRG-KVE-RUN-005,NRG-KVE-RUN-005-POS-02,no_sale,1,0,0
IE00000445,2026-08-01T09:10:00,NRG-OSI-TSU-009,NRG-OSI-TSU-009-POS-03,no_sale,1,0,0
IE00000438,2026-08-01T09:19:00,NRG-ERG-WVB-002,NRG-ERG-WVB-002-POS-03,refund,1,0,1
IE00000447,2026-08-01T09:20:00,NRG-OME-GOB-010,NRG-OME-GOB-010-POS-02,refund,1,0,1
IE00000443,2026-08-01T09:28:00,NRG-KVE-RUN-005,NRG-KVE-RUN-005-POS-05,void,1,0,0
IE00000444,2026-08-01T09:29:00,NRG-OTJ-OTW-006,NRG-OTJ-OTW-006-POS-01,void,1,0,0
IE00000440,2026-08-01T09:38:00,NRG-OSA-OSK-004,NRG-OSA-OSK-004-POS-01,void,1,0,0
IE00000446,2026-08-01T09:38:00,NRG-OSI-TSU-009,NRG-OSI-TSU-009-POS-04,no_sale,1,0,0
IE00000437,2026-08-01T09:39:00,NRG-KHO-WDH-001,NRG-KHO-WDH-001-POS-02,refund,1,0,1
IE00000448,2026-08-02T09:21:00,NRG-KHO-WDH-001,NRG-KHO-WDH-001-POS-01,refund,1,0,1
IE00000449,2026-08-03T09:06:00,NRG-ERG-WVB-002,NRG-ERG-WVB-002-POS-05,refund,1,0,1
IE00000452,2026-08-03T09:19:00,NRG-OSA-OND-012,NRG-OSA-OND-012-POS-01,refund,1,0,1
IE00000450,2026-08-03T09:26:00,NRG-KVE-RUN-005,NRG-KVE-RUN-005-POS-01,no_sale,1,0,0
IE00000451,2026-08-03T09:30:00,NRG-OTJ-OTW-006,NRG-OTJ-OTW-006-POS-02,no_sale,1,0,0
IE00000461,2026-08-04T09:01:00,NRG-KVE-RUN-005,NRG-KVE-RUN-005-POS-05,void,1,0,0
IE00000453,2026-08-04T09:06:00,NRG-KHO-WDH-001,NRG-KHO-WDH-001-POS-01,refund,1,0,1
IE00000463,2026-08-04T09:11:00,NRG-ZAM-KTM-008,NRG-ZAM-KTM-008-POS-03,void,1,0,0
IE00000456,2026-08-04T09:15:00,NRG-KHO-WDH-001,NRG-KHO-WDH-001-POS-05,no_sale,1,0,0
IE00000457,2026-08-04T09:16:00,NRG-ERG-SWK-003,NRG-ERG-SWK-003-POS-02,no_sale,1,0,0
IE00000458,2026-08-04T09:20:00,NRG-OSA-OSK-004,NRG-OSA-OSK-004-POS-02,refund,1,0,1
IE00000464,2026-08-04T09:21:00,NRG-HAR-REH-011,NRG-HAR-REH-011-POS-01,no_sale,1,0,0
IE00000454,2026-08-04T09:22:00,NRG-KHO-WDH-001,NRG-KHO-WDH-001-POS-02,no_sale,1,0,0
IE00000460,2026-08-04T09:25:00,NRG-KVE-RUN-005,NRG-KVE-RUN-005-POS-03,refund,1,0,1
IE00000462,2026-08-04T09:25:00,NRG-OTJ-OTW-006,NRG-OTJ-OTW-006-POS-03,no_sale,1,0,0
IE00000455,2026-08-04T09:29:00,NRG-KHO-WDH-001,NRG-KHO-WDH-001-POS-04,void,1,0,0
IE00000459,2026-08-04T09:31:00,NRG-OSA-OSK-004,NRG-OSA-OSK-004-POS-03,void,1,0,0
IE00000466,2026-08-05T09:04:00,NRG-ERG-WVB-002,NRG-ERG-WVB-002-POS-03,no_sale,1,0,0
IE00000468,2026-08-05T09:04:00,NRG-ERG-SWK-003,NRG-ERG-SWK-003-POS-04,void,1,0,0
IE00000467,2026-08-05T09:05:00,NRG-ERG-WVB-002,NRG-ERG-WVB-002-POS-05,void,1,0,0
IE00000471,2026-08-05T09:06:00,NRG-KVE-RUN-005,NRG-KVE-RUN-005-POS-04,void,1,0,0
IE00000473,2026-08-05T09:17:00,NRG-KHA-KTM-007,NRG-KHA-KTM-007-POS-01,refund,1,0,1
IE00000476,2026-08-05T09:20:00,NRG-OME-GOB-010,NRG-OME-GOB-010-POS-01,refund,1,0,1
IE00000465,2026-08-05T09:21:00,NRG-KHO-WDH-001,NRG-KHO-WDH-001-POS-01,refund,1,0,1
IE00000475,2026-08-05T09:21:00,NRG-OSI-TSU-009,NRG-OSI-TSU-009-POS-02,refund,1,0,1
IE00000470,2026-08-05T09:22:00,NRG-OSA-OSK-004,NRG-OSA-OSK-004-POS-02,refund,1,0,1
IE00000472,2026-08-05T09:23:00,NRG-KVE-RUN-005,NRG-KVE-RUN-005-POS-05,no_sale,1,0,0
IE00000474,2026-08-05T09:34:00,NRG-ZAM-KTM-008,NRG-ZAM-KTM-008-POS-02,no_sale,1,0,0
IE00000469,2026-08-05T09:36:00,NRG-OSA-OSK-004,NRG-OSA-OSK-004-POS-01,no_sale,1,0,0
IE00000479,2026-08-06T09:07:00,NRG-ERG-WVB-002,NRG-ERG-WVB-002-POS-05,no_sale,1,0,0
IE00000481,2026-08-06T09:09:00,NRG-KVE-RUN-005,NRG-KVE-RUN-005-POS-05,void,1,0,0
IE00000483,2026-08-06T09:10:00,NRG-OTJ-OTW-006,NRG-OTJ-OTW-006-POS-04,void,1,0,0
IE00000478,2026-08-06T09:16:00,NRG-ERG-WVB-002,NRG-ERG-WVB-002-POS-03,void,1,0,0
IE00000480,2026-08-06T09:17:00,NRG-ERG-SWK-003,NRG-ERG-SWK-003-POS-02,refund,1,0,1
IE00000485,2026-08-06T09:23:00,NRG-OME-GOB-010,NRG-OME-GOB-010-POS-01,refund,1,0,1
IE00000477,2026-08-06T09:24:00,NRG-ERG-WVB-002,NRG-ERG-WVB-002-POS-02,refund,1,0,1
IE00000484,2026-08-06T09:32:00,NRG-KHA-KTM-007,NRG-KHA-KTM-007-POS-03,void,1,0,0
IE00000482,2026-08-06T09:34:00,NRG-OTJ-OTW-006,NRG-OTJ-OTW-006-POS-02,void,1,0,0
IE00000487,2026-08-07T09:00:00,NRG-KHO-WDH-001,NRG-KHO-WDH-001-POS-04,no_sale,1,0,0
IE00000492,2026-08-07T09:09:00,NRG-OSA-OND-012,NRG-OSA-OND-012-POS-04,refund,1,0,1
IE00000489,2026-08-07T09:19:00,NRG-KHA-KTM-007,NRG-KHA-KTM-007-POS-04,no_sale,1,0,0
IE00000488,2026-08-07T09:20:00,NRG-KHA-KTM-007,NRG-KHA-KTM-007-POS-02,void,1,0,0
IE00000490,2026-08-07T09:24:00,NRG-ZAM-KTM-008,NRG-ZAM-KTM-008-POS-01,void,1,0,0
IE00000486,2026-08-07T09:30:00,NRG-KHO-WDH-001,NRG-KHO-WDH-001-POS-01,no_sale,1,0,0
IE00000491,2026-08-07T09:33:00,NRG-ZAM-KTM-008,NRG-ZAM-KTM-008-POS-04,no_sale,1,0,0
IE00000493,2026-08-08T09:03:00,NRG-KHO-WDH-001,NRG-KHO-WDH-001-POS-02,refund,1,0,1
IE00000495,2026-08-08T09:04:00,NRG-KVE-RUN-005,NRG-KVE-RUN-005-POS-01,refund,1,0,1
IE00000500,2026-08-08T09:06:00,NRG-HAR-REH-011,NRG-HAR-REH-011-POS-01,void,1,0,0
IE00000494,2026-08-08T09:16:00,NRG-OSA-OSK-004,NRG-OSA-OSK-004-POS-03,no_sale,1,0,0
IE00000497,2026-08-08T09:22:00,NRG-OTJ-OTW-006,NRG-OTJ-OTW-006-POS-03,refund,1,0,1
IE00000496,2026-08-08T09:23:00,NRG-KVE-RUN-005,NRG-KVE-RUN-005-POS-05,refund,1,0,1
IE00000499,2026-08-08T09:29:00,NRG-OTJ-OTW-006,NRG-OTJ-OTW-006-POS-05,void,1,0,0
IE00000498,2026-08-08T09:39:00,NRG-OTJ-OTW-006,NRG-OTJ-OTW-006-POS-04,void,1,0,0
IE00000502,2026-08-09T09:04:00,NRG-ERG-SWK-003,NRG-ERG-SWK-003-POS-02,void,1,0,0
IE00000506,2026-08-09T09:09:00,NRG-OSI-TSU-009,NRG-OSI-TSU-009-POS-03,refund,1,0,1
IE00000504,2026-08-09T09:11:00,NRG-KHA-KTM-007,NRG-KHA-KTM-007-POS-03,no_sale,1,0,0
IE00000503,2026-08-09T09:18:00,NRG-KVE-RUN-005,NRG-KVE-RUN-005-POS-01,refund,1,0,1
IE00000507,2026-08-09T09:26:00,NRG-OSA-OND-012,NRG-OSA-OND-012-POS-01,void,1,0,0
IE00000505,2026-08-09T09:34:00,NRG-ZAM-KTM-008,NRG-ZAM-KTM-008-POS-04,refund,1,0,1
IE00000501,2026-08-09T09:37:00,NRG-ERG-WVB-002,NRG-ERG-WVB-002-POS-05,no_sale,1,0,0
IE00000511,2026-08-10T09:10:00,NRG-HAR-REH-011,NRG-HAR-REH-011-POS-04,no_sale,1,0,0
IE00000510,2026-08-10T09:22:00,NRG-OSA-OSK-004,NRG-OSA-OSK-004-POS-05,no_sale,1,0,0
IE00000508,2026-08-10T09:27:00,NRG-ERG-SWK-003,NRG-ERG-SWK-003-POS-01,refund,1,0,1
IE00000509,2026-08-10T09:30:00,NRG-OSA-OSK-004,NRG-OSA-OSK-004-POS-02,void,1,0,0
IE00000516,2026-08-11T09:03:00,NRG-OSI-TSU-009,NRG-OSI-TSU-009-POS-04,no_sale,1,0,0
IE00000513,2026-08-11T09:05:00,NRG-OTJ-OTW-006,NRG-OTJ-OTW-006-POS-04,no_sale,1,0,0
IE00000512,2026-08-11T09:10:00,NRG-ERG-WVB-002,NRG-ERG-WVB-002-POS-01,void,1,0,0
IE00000517,2026-08-11T09:16:00,NRG-OME-GOB-010,NRG-OME-GOB-010-POS-02,void,1,0,0
IE00000519,2026-08-11T09:19:00,NRG-OSA-OND-012,NRG-OSA-OND-012-POS-01,no_sale,1,0,0
IE00000515,2026-08-11T09:21:00,NRG-KHA-KTM-007,NRG-KHA-KTM-007-POS-04,void,1,0,0
IE00000521,2026-08-11T09:23:00,NRG-OSA-OND-012,NRG-OSA-OND-012-POS-03,refund,1,0,1
IE00000514,2026-08-11T09:26:00,NRG-OTJ-OTW-006,NRG-OTJ-OTW-006-POS-05,no_sale,1,0,0
IE00000520,2026-08-11T09:26:00,NRG-OSA-OND-012,NRG-OSA-OND-012-POS-02,refund,1,0,1
IE00000522,2026-08-11T09:32:00,NRG-OSA-OND-012,NRG-OSA-OND-012-POS-04,no_sale,1,0,0
IE00000518,2026-08-11T09:35:00,NRG-HAR-REH-011,NRG-HAR-REH-011-POS-03,no_sale,1,0,0
IE00000527,2026-08-12T09:02:00,NRG-KVE-RUN-005,NRG-KVE-RUN-005-POS-04,void,1,0,0
IE00000528,2026-08-12T09:09:00,NRG-OTJ-OTW-006,NRG-OTJ-OTW-006-POS-04,no_sale,1,0,0
IE00000523,2026-08-12T09:11:00,NRG-KHO-WDH-001,NRG-KHO-WDH-001-POS-03,no_sale,1,0,0
IE00000531,2026-08-12T09:23:00,NRG-OSA-OND-012,NRG-OSA-OND-012-POS-04,void,1,0,0
IE00000529,2026-08-12T09:26:00,NRG-OME-GOB-010,NRG-OME-GOB-010-POS-02,refund,1,0,1
IE00000526,2026-08-12T09:28:00,NRG-KVE-RUN-005,NRG-KVE-RUN-005-POS-03,void,1,0,0
IE00000530,2026-08-12T09:34:00,NRG-OME-GOB-010,NRG-OME-GOB-010-POS-04,refund,1,0,1
IE00000524,2026-08-12T09:36:00,NRG-ERG-WVB-002,NRG-ERG-WVB-002-POS-04,no_sale,1,0,0
IE00000525,2026-08-12T09:37:00,NRG-OSA-OSK-004,NRG-OSA-OSK-004-POS-02,void,1,0,0
IE00000538,2026-08-13T09:00:00,NRG-OSI-TSU-009,NRG-OSI-TSU-009-POS-01,void,1,0,0
IE00000533,2026-08-13T09:04:00,NRG-ERG-WVB-002,NRG-ERG-WVB-002-POS-04,refund,1,0,1
IE00000539,2026-08-13T09:24:00,NRG-OME-GOB-010,NRG-OME-GOB-010-POS-02,void,1,0,0
IE00000532,2026-08-13T09:25:00,NRG-KHO-WDH-001,NRG-KHO-WDH-001-POS-05,refund,1,0,1
IE00000537,2026-08-13T09:25:00,NRG-ZAM-KTM-008,NRG-ZAM-KTM-008-POS-04,no_sale,1,0,0
IE00000535,2026-08-13T09:27:00,NRG-OSA-OSK-004,NRG-OSA-OSK-004-POS-04,refund,1,0,1
IE00000534,2026-08-13T09:32:00,NRG-OSA-OSK-004,NRG-OSA-OSK-004-POS-01,no_sale,1,0,0
IE00000536,2026-08-13T09:35:00,NRG-OTJ-OTW-006,NRG-OTJ-OTW-006-POS-01,no_sale,1,0,0
IE00000540,2026-08-13T09:37:00,NRG-OME-GOB-010,NRG-OME-GOB-010-POS-03,no_sale,1,0,0
IE00000549,2026-08-14T09:00:00,NRG-OSI-TSU-009,NRG-OSI-TSU-009-POS-03,refund,1,0,1
IE00000544,2026-08-14T09:07:00,NRG-OTJ-OTW-006,NRG-OTJ-OTW-006-POS-04,no_sale,1,0,0
IE00000543,2026-08-14T09:13:00,NRG-KVE-RUN-005,NRG-KVE-RUN-005-POS-04,refund,1,0,1
IE00000550,2026-08-14T09:26:00,NRG-OME-GOB-010,NRG-OME-GOB-010-POS-02,void,1,0,0
IE00000546,2026-08-14T09:28:00,NRG-KHA-KTM-007,NRG-KHA-KTM-007-POS-02,void,1,0,0
IE00000542,2026-08-14T09:33:00,NRG-OSA-OSK-004,NRG-OSA-OSK-004-POS-05,refund,1,0,1
IE00000548,2026-08-14T09:36:00,NRG-OSI-TSU-009,NRG-OSI-TSU-009-POS-02,refund,1,0,1
IE00000545,2026-08-14T09:37:00,NRG-OTJ-OTW-006,NRG-OTJ-OTW-006-POS-05,void,1,0,0
IE00000547,2026-08-14T09:37:00,NRG-ZAM-KTM-008,NRG-ZAM-KTM-008-POS-03,void,1,0,0
IE00000541,2026-08-14T09:39:00,NRG-KHO-WDH-001,NRG-KHO-WDH-001-POS-03,no_sale,1,0,0
IE00000556,2026-08-15T09:01:00,NRG-KHA-KTM-007,NRG-KHA-KTM-007-POS-01,void,1,0,0
IE00000551,2026-08-15T09:07:00,NRG-KHO-WDH-001,NRG-KHO-WDH-001-POS-02,no_sale,1,0,0
IE00000553,2026-08-15T09:08:00,NRG-OSA-OSK-004,NRG-OSA-OSK-004-POS-01,refund,1,0,1
IE00000552,2026-08-15T09:13:00,NRG-KHO-WDH-001,NRG-KHO-WDH-001-POS-04,refund,1,0,1
IE00000559,2026-08-15T09:13:00,NRG-OSA-OND-012,NRG-OSA-OND-012-POS-02,void,1,0,0
IE00000557,2026-08-15T09:20:00,NRG-OSI-TSU-009,NRG-OSI-TSU-009-POS-04,void,1,0,0
IE00000558,2026-08-15T09:34:00,NRG-OME-GOB-010,NRG-OME-GOB-010-POS-02,void,1,0,0
IE00000554,2026-08-15T09:35:00,NRG-OSA-OSK-004,NRG-OSA-OSK-004-POS-04,no_sale,1,0,0
IE00000555,2026-08-15T09:38:00,NRG-OTJ-OTW-006,NRG-OTJ-OTW-006-POS-05,no_sale,1,0,0
IE00000563,2026-08-16T09:09:00,NRG-OSA-OSK-004,NRG-OSA-OSK-004-POS-01,no_sale,1,0,0
IE00000567,2026-08-16T09:14:00,NRG-OME-GOB-010,NRG-OME-GOB-010-POS-01,void,1,0,0
IE00000565,2026-08-16T09:16:00,NRG-KHA-KTM-007,NRG-KHA-KTM-007-POS-03,void,1,0,0
IE00000560,2026-08-16T09:22:00,NRG-KHO-WDH-001,NRG-KHO-WDH-001-POS-03,refund,1,0,1
IE00000566,2026-08-16T09:31:00,NRG-ZAM-KTM-008,NRG-ZAM-KTM-008-POS-01,no_sale,1,0,0
IE00000561,2026-08-16T09:32:00,NRG-KHO-WDH-001,NRG-KHO-WDH-001-POS-05,refund,1,0,1
IE00000564,2026-08-16T09:32:00,NRG-OTJ-OTW-006,NRG-OTJ-OTW-006-POS-02,void,1,0,0
IE00000568,2026-08-16T09:33:00,NRG-HAR-REH-011,NRG-HAR-REH-011-POS-02,no_sale,1,0,0
IE00000562,2026-08-16T09:36:00,NRG-ERG-WVB-002,NRG-ERG-WVB-002-POS-04,refund,1,0,1
IE00000572,2026-08-17T09:04:00,NRG-ERG-WVB-002,NRG-ERG-WVB-002-POS-04,void,1,0,0
IE00000571,2026-08-17T09:09:00,NRG-KHO-WDH-001,NRG-KHO-WDH-001-POS-05,void,1,0,0
IE00000570,2026-08-17T09:10:00,NRG-KHO-WDH-001,NRG-KHO-WDH-001-POS-03,refund,1,0,1
IE00000578,2026-08-17T09:12:00,NRG-OME-GOB-010,NRG-OME-GOB-010-POS-03,void,1,0,0
IE00000575,2026-08-17T09:23:00,NRG-KHA-KTM-007,NRG-KHA-KTM-007-POS-02,no_sale,1,0,0
IE00000576,2026-08-17T09:28:00,NRG-ZAM-KTM-008,NRG-ZAM-KTM-008-POS-02,void,1,0,0
IE00000574,2026-08-17T09:29:00,NRG-KVE-RUN-005,NRG-KVE-RUN-005-POS-03,no_sale,1,0,0
IE00000569,2026-08-17T09:36:00,NRG-KHO-WDH-001,NRG-KHO-WDH-001-POS-02,no_sale,1,0,0
IE00000573,2026-08-17T09:36:00,NRG-ERG-SWK-003,NRG-ERG-SWK-003-POS-01,no_sale,1,0,0
IE00000577,2026-08-17T09:38:00,NRG-OME-GOB-010,NRG-OME-GOB-010-POS-02,no_sale,1,0,0
IE00000580,2026-08-18T09:01:00,NRG-KVE-RUN-005,NRG-KVE-RUN-005-POS-05,void,1,0,0
IE00000585,2026-08-18T09:15:00,NRG-HAR-REH-011,NRG-HAR-REH-011-POS-04,void,1,0,0
IE00000583,2026-08-18T09:25:00,NRG-OSI-TSU-009,NRG-OSI-TSU-009-POS-04,no_sale,1,0,0
IE00000579,2026-08-18T09:27:00,NRG-KVE-RUN-005,NRG-KVE-RUN-005-POS-02,void,1,0,0
IE00000581,2026-08-18T09:27:00,NRG-OTJ-OTW-006,NRG-OTJ-OTW-006-POS-02,refund,1,0,1
IE00000584,2026-08-18T09:33:00,NRG-OME-GOB-010,NRG-OME-GOB-010-POS-01,no_sale,1,0,0
IE00000582,2026-08-18T09:36:00,NRG-OTJ-OTW-006,NRG-OTJ-OTW-006-POS-04,refund,1,0,1
IE00000589,2026-08-19T09:12:00,NRG-KVE-RUN-005,NRG-KVE-RUN-005-POS-02,refund,1,0,1
IE00000590,2026-08-19T09:19:00,NRG-KHA-KTM-007,NRG-KHA-KTM-007-POS-02,void,1,0,0
IE00000592,2026-08-19T09:21:00,NRG-OME-GOB-010,NRG-OME-GOB-010-POS-01,refund,1,0,1
IE00000588,2026-08-19T09:25:00,NRG-OSA-OSK-004,NRG-OSA-OSK-004-POS-05,no_sale,1,0,0
IE00000587,2026-08-19T09:30:00,NRG-ERG-SWK-003,NRG-ERG-SWK-003-POS-04,refund,1,0,1
IE00000586,2026-08-19T09:34:00,NRG-ERG-WVB-002,NRG-ERG-WVB-002-POS-05,no_sale,1,0,0
IE00000591,2026-08-19T09:37:00,NRG-KHA-KTM-007,NRG-KHA-KTM-007-POS-04,refund,1,0,1
IE00000601,2026-08-20T09:01:00,NRG-OSI-TSU-009,NRG-OSI-TSU-009-POS-04,no_sale,1,0,0
IE00000603,2026-08-20T09:09:00,NRG-OSA-OND-012,NRG-OSA-OND-012-POS-02,void,1,0,0
IE00000598,2026-08-20T09:10:00,NRG-KHA-KTM-007,NRG-KHA-KTM-007-POS-02,refund,1,0,1
IE00000597,2026-08-20T09:13:00,NRG-OTJ-OTW-006,NRG-OTJ-OTW-006-POS-05,refund,1,0,1
IE00000593,2026-08-20T09:15:00,NRG-KHO-WDH-001,NRG-KHO-WDH-001-POS-04,refund,1,0,1
IE00000600,2026-08-20T09:15:00,NRG-ZAM-KTM-008,NRG-ZAM-KTM-008-POS-04,no_sale,1,0,0
IE00000599,2026-08-20T09:17:00,NRG-ZAM-KTM-008,NRG-ZAM-KTM-008-POS-01,no_sale,1,0,0
IE00000594,2026-08-20T09:19:00,NRG-ERG-WVB-002,NRG-ERG-WVB-002-POS-03,no_sale,1,0,0
IE00000595,2026-08-20T09:31:00,NRG-ERG-WVB-002,NRG-ERG-WVB-002-POS-04,void,1,0,0
IE00000596,2026-08-20T09:33:00,NRG-KVE-RUN-005,NRG-KVE-RUN-005-POS-02,void,1,0,0
IE00000602,2026-08-20T09:39:00,NRG-OME-GOB-010,NRG-OME-GOB-010-POS-04,void,1,0,0
IE00000608,2026-08-21T09:01:00,NRG-KVE-RUN-005,NRG-KVE-RUN-005-POS-01,refund,1,0,1
IE00000605,2026-08-21T09:02:00,NRG-KHO-WDH-001,NRG-KHO-WDH-001-POS-05,no_sale,1,0,0
IE00000607,2026-08-21T09:02:00,NRG-OSA-OSK-004,NRG-OSA-OSK-004-POS-02,void,1,0,0
IE00000609,2026-08-21T09:15:00,NRG-KHA-KTM-007,NRG-KHA-KTM-007-POS-03,refund,1,0,1
IE00000606,2026-08-21T09:33:00,NRG-ERG-WVB-002,NRG-ERG-WVB-002-POS-04,void,1,0,0
IE00000604,2026-08-21T09:35:00,NRG-KHO-WDH-001,NRG-KHO-WDH-001-POS-02,refund,1,0,1
IE00000614,2026-08-22T09:00:00,NRG-OSA-OSK-004,NRG-OSA-OSK-004-POS-04,no_sale,1,0,0
IE00000610,2026-08-22T09:01:00,NRG-KHO-WDH-001,NRG-KHO-WDH-001-POS-01,no_sale,1,0,0
IE00000615,2026-08-22T09:03:00,NRG-OTJ-OTW-006,NRG-OTJ-OTW-006-POS-02,void,1,0,0
IE00000612,2026-08-22T09:08:00,NRG-ERG-WVB-002,NRG-ERG-WVB-002-POS-04,refund,1,0,1
IE00000613,2026-08-22T09:28:00,NRG-ERG-SWK-003,NRG-ERG-SWK-003-POS-05,refund,1,0,1
IE00000611,2026-08-22T09:36:00,NRG-ERG-WVB-002,NRG-ERG-WVB-002-POS-02,refund,1,0,1
IE00000617,2026-08-23T09:09:00,NRG-ERG-WVB-002,NRG-ERG-WVB-002-POS-05,no_sale,1,0,0
IE00000616,2026-08-23T09:13:00,NRG-ERG-WVB-002,NRG-ERG-WVB-002-POS-02,no_sale,1,0,0
IE00000623,2026-08-23T09:16:00,NRG-OSA-OND-012,NRG-OSA-OND-012-POS-04,no_sale,1,0,0
IE00000618,2026-08-23T09:17:00,NRG-OSA-OSK-004,NRG-OSA-OSK-004-POS-01,refund,1,0,1
IE00000619,2026-08-23T09:18:00,NRG-OSA-OSK-004,NRG-OSA-OSK-004-POS-05,void,1,0,0
IE00000620,2026-08-23T09:29:00,NRG-KVE-RUN-005,NRG-KVE-RUN-005-POS-03,refund,1,0,1
IE00000621,2026-08-23T09:39:00,NRG-KHA-KTM-007,NRG-KHA-KTM-007-POS-02,refund,1,0,1
IE00000622,2026-08-23T09:39:00,NRG-OSA-OND-012,NRG-OSA-OND-012-POS-01,no_sale,1,0,0
IE00000629,2026-08-24T09:07:00,NRG-KVE-RUN-005,NRG-KVE-RUN-005-POS-02,refund,1,0,1
IE00000624,2026-08-24T09:10:00,NRG-KHO-WDH-001,NRG-KHO-WDH-001-POS-05,no_sale,1,0,0
IE00000633,2026-08-24T09:10:00,NRG-OSI-TSU-009,NRG-OSI-TSU-009-POS-01,refund,1,0,1
IE00000630,2026-08-24T09:21:00,NRG-KVE-RUN-005,NRG-KVE-RUN-005-POS-03,no_sale,1,0,0
IE00000627,2026-08-24T09:23:00,NRG-ERG-SWK-003,NRG-ERG-SWK-003-POS-05,refund,1,0,1
IE00000625,2026-08-24T09:25:00,NRG-ERG-WVB-002,NRG-ERG-WVB-002-POS-04,refund,1,0,1
IE00000631,2026-08-24T09:26:00,NRG-KVE-RUN-005,NRG-KVE-RUN-005-POS-04,refund,1,0,1
IE00000626,2026-08-24T09:28:00,NRG-ERG-SWK-003,NRG-ERG-SWK-003-POS-02,no_sale,1,0,0
IE00000628,2026-08-24T09:30:00,NRG-OSA-OSK-004,NRG-OSA-OSK-004-POS-05,void,1,0,0
IE00000632,2026-08-24T09:30:00,NRG-KHA-KTM-007,NRG-KHA-KTM-007-POS-04,refund,1,0,1
IE00000635,2026-08-25T09:02:00,NRG-ERG-SWK-003,NRG-ERG-SWK-003-POS-02,void,1,0,0
IE00000640,2026-08-25T09:04:00,NRG-OME-GOB-010,NRG-OME-GOB-010-POS-03,refund,1,0,1
IE00000634,2026-08-25T09:05:00,NRG-KHO-WDH-001,NRG-KHO-WDH-001-POS-04,void,1,0,0
IE00000636,2026-08-25T09:15:00,NRG-OSA-OSK-004,NRG-OSA-OSK-004-POS-01,void,1,0,0
IE00000639,2026-08-25T09:24:00,NRG-ZAM-KTM-008,NRG-ZAM-KTM-008-POS-04,refund,1,0,1
IE00000638,2026-08-25T09:32:00,NRG-ZAM-KTM-008,NRG-ZAM-KTM-008-POS-03,no_sale,1,0,0
IE00000637,2026-08-25T09:33:00,NRG-KVE-RUN-005,NRG-KVE-RUN-005-POS-02,void,1,0,0
IE00000646,2026-08-26T09:04:00,NRG-OSI-TSU-009,NRG-OSI-TSU-009-POS-02,refund,1,0,1
IE00000649,2026-08-26T09:05:00,NRG-HAR-REH-011,NRG-HAR-REH-011-POS-03,no_sale,1,0,0
IE00000643,2026-08-26T09:08:00,NRG-KVE-RUN-005,NRG-KVE-RUN-005-POS-04,no_sale,1,0,0
IE00000644,2026-08-26T09:09:00,NRG-OTJ-OTW-006,NRG-OTJ-OTW-006-POS-01,no_sale,1,0,0
IE00000648,2026-08-26T09:10:00,NRG-OME-GOB-010,NRG-OME-GOB-010-POS-01,void,1,0,0
IE00000645,2026-08-26T09:21:00,NRG-KHA-KTM-007,NRG-KHA-KTM-007-POS-03,no_sale,1,0,0
IE00000641,2026-08-26T09:28:00,NRG-ERG-WVB-002,NRG-ERG-WVB-002-POS-01,void,1,0,0
IE00000647,2026-08-26T09:31:00,NRG-OSI-TSU-009,NRG-OSI-TSU-009-POS-03,void,1,0,0
IE00000642,2026-08-26T09:33:00,NRG-ERG-WVB-002,NRG-ERG-WVB-002-POS-02,no_sale,1,0,0
IE00000658,2026-08-27T09:02:00,NRG-HAR-REH-011,NRG-HAR-REH-011-POS-03,no_sale,1,0,0
IE00000654,2026-08-27T09:12:00,NRG-KVE-RUN-005,NRG-KVE-RUN-005-POS-04,no_sale,1,0,0
IE00000650,2026-08-27T09:14:00,NRG-KHO-WDH-001,NRG-KHO-WDH-001-POS-02,no_sale,1,0,0
IE00000656,2026-08-27T09:17:00,NRG-OSI-TSU-009,NRG-OSI-TSU-009-POS-04,void,1,0,0
IE00000655,2026-08-27T09:20:00,NRG-ZAM-KTM-008,NRG-ZAM-KTM-008-POS-03,void,1,0,0
IE00000657,2026-08-27T09:20:00,NRG-HAR-REH-011,NRG-HAR-REH-011-POS-02,refund,1,0,1
IE00000653,2026-08-27T09:31:00,NRG-OSA-OSK-004,NRG-OSA-OSK-004-POS-04,void,1,0,0
IE00000652,2026-08-27T09:34:00,NRG-ERG-WVB-002,NRG-ERG-WVB-002-POS-05,void,1,0,0
IE00000651,2026-08-27T09:36:00,NRG-ERG-WVB-002,NRG-ERG-WVB-002-POS-03,no_sale,1,0,0
IE00000664,2026-08-28T09:06:00,NRG-ZAM-KTM-008,NRG-ZAM-KTM-008-POS-02,no_sale,1,0,0
IE00000660,2026-08-28T09:07:00,NRG-ERG-SWK-003,NRG-ERG-SWK-003-POS-04,refund,1,0,1
IE00000661,2026-08-28T09:13:00,NRG-ERG-SWK-003,NRG-ERG-SWK-003-POS-05,void,1,0,0
IE00000665,2026-08-28T09:16:00,NRG-HAR-REH-011,NRG-HAR-REH-011-POS-02,void,1,0,0
IE00000659,2026-08-28T09:23:00,NRG-ERG-SWK-003,NRG-ERG-SWK-003-POS-03,refund,1,0,1
IE00000666,2026-08-28T09:23:00,NRG-HAR-REH-011,NRG-HAR-REH-011-POS-03,no_sale,1,0,0
IE00000662,2026-08-28T09:34:00,NRG-KVE-RUN-005,NRG-KVE-RUN-005-POS-05,void,1,0,0
IE00000663,2026-08-28T09:36:00,NRG-KHA-KTM-007,NRG-KHA-KTM-007-POS-01,no_sale,1,0,0
IE00000678,2026-08-29T09:00:00,NRG-OSA-OND-012,NRG-OSA-OND-012-POS-03,no_sale,1,0,0
IE00000677,2026-08-29T09:02:00,NRG-OSA-OND-012,NRG-OSA-OND-012-POS-01,void,1,0,0
IE00000671,2026-08-29T09:06:00,NRG-KVE-RUN-005,NRG-KVE-RUN-005-POS-03,no_sale,1,0,0
IE00000674,2026-08-29T09:09:00,NRG-ZAM-KTM-008,NRG-ZAM-KTM-008-POS-01,refund,1,0,1
IE00000672,2026-08-29T09:18:00,NRG-OTJ-OTW-006,NRG-OTJ-OTW-006-POS-01,void,1,0,0
IE00000670,2026-08-29T09:20:00,NRG-KVE-RUN-005,NRG-KVE-RUN-005-POS-01,no_sale,1,0,0
IE00000673,2026-08-29T09:20:00,NRG-KHA-KTM-007,NRG-KHA-KTM-007-POS-02,void,1,0,0
IE00000669,2026-08-29T09:23:00,NRG-ERG-WVB-002,NRG-ERG-WVB-002-POS-02,no_sale,1,0,0
IE00000675,2026-08-29T09:24:00,NRG-ZAM-KTM-008,NRG-ZAM-KTM-008-POS-03,refund,1,0,1
IE00000668,2026-08-29T09:34:00,NRG-KHO-WDH-001,NRG-KHO-WDH-001-POS-04,void,1,0,0
IE00000676,2026-08-29T09:34:00,NRG-HAR-REH-011,NRG-HAR-REH-011-POS-03,no_sale,1,0,0
IE00000667,2026-08-29T09:35:00,NRG-KHO-WDH-001,NRG-KHO-WDH-001-POS-01,refund,1,0,1
IE00000686,2026-08-30T09:02:00,NRG-HAR-REH-011,NRG-HAR-REH-011-POS-04,void,1,0,0
IE00000680,2026-08-30T09:07:00,NRG-OSA-OSK-004,NRG-OSA-OSK-004-POS-02,void,1,0,0
IE00000682,2026-08-30T09:12:00,NRG-KHA-KTM-007,NRG-KHA-KTM-007-POS-01,no_sale,1,0,0
IE00000685,2026-08-30T09:16:00,NRG-HAR-REH-011,NRG-HAR-REH-011-POS-02,no_sale,1,0,0
IE00000683,2026-08-30T09:22:00,NRG-KHA-KTM-007,NRG-KHA-KTM-007-POS-04,no_sale,1,0,0
IE00000684,2026-08-30T09:23:00,NRG-ZAM-KTM-008,NRG-ZAM-KTM-008-POS-02,void,1,0,0
IE00000681,2026-08-30T09:33:00,NRG-OTJ-OTW-006,NRG-OTJ-OTW-006-POS-04,refund,1,0,1
IE00000679,2026-08-30T09:36:00,NRG-ERG-WVB-002,NRG-ERG-WVB-002-POS-05,refund,1,0,1
IE00000690,2026-08-31T09:05:00,NRG-KVE-RUN-005,NRG-KVE-RUN-005-POS-04,no_sale,1,0,0
IE00000688,2026-08-31T09:21:00,NRG-ERG-WVB-002,NRG-ERG-WVB-002-POS-01,refund,1,0,1
IE00000687,2026-08-31T09:22:00,NRG-KHO-WDH-001,NRG-KHO-WDH-001-POS-02,refund,1,0,1
IE00000693,2026-08-31T09:27:00,NRG-OME-GOB-010,NRG-OME-GOB-010-POS-04,refund,1,0,1
IE00000689,2026-08-31T09:29:00,NRG-OSA-OSK-004,NRG-OSA-OSK-004-POS-02,refund,1,0,1
IE00000691,2026-08-31T09:30:00,NRG-KHA-KTM-007,NRG-KHA-KTM-007-POS-01,refund,1,0,1
IE00000692,2026-08-31T09:36:00,NRG-OSI-TSU-009,NRG-OSI-TSU-009-POS-02,refund,1,0,1
IE00000696,2026-09-01T09:11:00,NRG-OME-GOB-010,NRG-OME-GOB-010-POS-01,void,1,0,0
IE00000697,2026-09-01T09:29:00,NRG-HAR-REH-011,NRG-HAR-REH-011-POS-01,refund,1,0,1
IE00000695,2026-09-01T09:31:00,NRG-OSA-OSK-004,NRG-OSA-OSK-004-POS-02,refund,1,0,1
IE00000694,2026-09-01T09:39:00,NRG-KHO-WDH-001,NRG-KHO-WDH-001-POS-02,void,1,0,0
IE00000699,2026-09-02T09:00:00,NRG-ERG-WVB-002,NRG-ERG-WVB-002-POS-01,no_sale,1,0,0
IE00000707,2026-09-02T09:04:00,NRG-OME-GOB-010,NRG-OME-GOB-010-POS-01,refund,1,0,1
IE00000700,2026-09-02T09:07:00,NRG-ERG-SWK-003,NRG-ERG-SWK-003-POS-02,refund,1,0,1
IE00000698,2026-09-02T09:16:00,NRG-KHO-WDH-001,NRG-KHO-WDH-001-POS-01,refund,1,0,1
IE00000701,2026-09-02T09:16:00,NRG-OSA-OSK-004,NRG-OSA-OSK-004-POS-03,void,1,0,0
IE00000702,2026-09-02T09:19:00,NRG-OSA-OSK-004,NRG-OSA-OSK-004-POS-05,no_sale,1,0,0
IE00000705,2026-09-02T09:21:00,NRG-ZAM-KTM-008,NRG-ZAM-KTM-008-POS-04,no_sale,1,0,0
IE00000704,2026-09-02T09:24:00,NRG-OTJ-OTW-006,NRG-OTJ-OTW-006-POS-03,void,1,0,0
IE00000703,2026-09-02T09:31:00,NRG-KVE-RUN-005,NRG-KVE-RUN-005-POS-04,refund,1,0,1
IE00000706,2026-09-02T09:39:00,NRG-OSI-TSU-009,NRG-OSI-TSU-009-POS-02,no_sale,1,0,0
IE00000711,2026-09-03T09:01:00,NRG-ERG-SWK-003,NRG-ERG-SWK-003-POS-02,refund,1,0,1
IE00000710,2026-09-03T09:14:00,NRG-ERG-SWK-003,NRG-ERG-SWK-003-POS-01,void,1,0,0
IE00000712,2026-09-03T09:14:00,NRG-OSA-OSK-004,NRG-OSA-OSK-004-POS-02,void,1,0,0
IE00000708,2026-09-03T09:19:00,NRG-KHO-WDH-001,NRG-KHO-WDH-001-POS-02,void,1,0,0
IE00000709,2026-09-03T09:21:00,NRG-KHO-WDH-001,NRG-KHO-WDH-001-POS-03,no_sale,1,0,0
IE00000715,2026-09-03T09:24:00,NRG-ZAM-KTM-008,NRG-ZAM-KTM-008-POS-03,no_sale,1,0,0
IE00000713,2026-09-03T09:33:00,NRG-OSA-OSK-004,NRG-OSA-OSK-004-POS-05,no_sale,1,0,0
IE00000717,2026-09-03T09:33:00,NRG-OME-GOB-010,NRG-OME-GOB-010-POS-03,no_sale,1,0,0
IE00000718,2026-09-03T09:33:00,NRG-OME-GOB-010,NRG-OME-GOB-010-POS-04,no_sale,1,0,0
IE00000714,2026-09-03T09:34:00,NRG-OTJ-OTW-006,NRG-OTJ-OTW-006-POS-05,refund,1,0,1
IE00000716,2026-09-03T09:36:00,NRG-OSI-TSU-009,NRG-OSI-TSU-009-POS-03,void,1,0,0
IE00000725,2026-09-04T09:02:00,NRG-HAR-REH-011,NRG-HAR-REH-011-POS-03,refund,1,0,1
IE00000720,2026-09-04T09:03:00,NRG-ERG-SWK-003,NRG-ERG-SWK-003-POS-01,void,1,0,0
IE00000721,2026-09-04T09:04:00,NRG-OSA-OSK-004,NRG-OSA-OSK-004-POS-05,void,1,0,0
IE00000722,2026-09-04T09:09:00,NRG-OTJ-OTW-006,NRG-OTJ-OTW-006-POS-01,void,1,0,0
IE00000726,2026-09-04T09:09:00,NRG-OSA-OND-012,NRG-OSA-OND-012-POS-01,refund,1,0,1
IE00000724,2026-09-04T09:22:00,NRG-ZAM-KTM-008,NRG-ZAM-KTM-008-POS-04,no_sale,1,0,0
IE00000719,2026-09-04T09:29:00,NRG-ERG-WVB-002,NRG-ERG-WVB-002-POS-05,void,1,0,0
IE00000723,2026-09-04T09:37:00,NRG-KHA-KTM-007,NRG-KHA-KTM-007-POS-01,no_sale,1,0,0
IE00000733,2026-09-05T09:06:00,NRG-OSI-TSU-009,NRG-OSI-TSU-009-POS-03,no_sale,1,0,0
IE00000729,2026-09-05T09:08:00,NRG-OSA-OSK-004,NRG-OSA-OSK-004-POS-02,void,1,0,0
IE00000736,2026-09-05T09:09:00,NRG-OSA-OND-012,NRG-OSA-OND-012-POS-03,refund,1,0,1
IE00000730,2026-09-05T09:10:00,NRG-KVE-RUN-005,NRG-KVE-RUN-005-POS-04,refund,1,0,1
IE00000734,2026-09-05T09:15:00,NRG-HAR-REH-011,NRG-HAR-REH-011-POS-03,no_sale,1,0,0
IE00000728,2026-09-05T09:16:00,NRG-ERG-SWK-003,NRG-ERG-SWK-003-POS-03,void,1,0,0
IE00000732,2026-09-05T09:21:00,NRG-ZAM-KTM-008,NRG-ZAM-KTM-008-POS-03,refund,1,0,1
IE00000731,2026-09-05T09:26:00,NRG-OTJ-OTW-006,NRG-OTJ-OTW-006-POS-04,no_sale,1,0,0
IE00000727,2026-09-05T09:35:00,NRG-KHO-WDH-001,NRG-KHO-WDH-001-POS-01,void,1,0,0
IE00000735,2026-09-05T09:36:00,NRG-OSA-OND-012,NRG-OSA-OND-012-POS-01,no_sale,1,0,0
IE00000738,2026-09-06T09:07:00,NRG-ERG-SWK-003,NRG-ERG-SWK-003-POS-01,void,1,0,0
IE00000743,2026-09-06T09:09:00,NRG-HAR-REH-011,NRG-HAR-REH-011-POS-03,void,1,0,0
IE00000744,2026-09-06T09:11:00,NRG-OSA-OND-012,NRG-OSA-OND-012-POS-01,void,1,0,0
IE00000739,2026-09-06T09:14:00,NRG-KVE-RUN-005,NRG-KVE-RUN-005-POS-02,no_sale,1,0,0
IE00000741,2026-09-06T09:17:00,NRG-OTJ-OTW-006,NRG-OTJ-OTW-006-POS-05,refund,1,0,1
IE00000742,2026-09-06T09:22:00,NRG-OME-GOB-010,NRG-OME-GOB-010-POS-02,void,1,0,0
IE00000740,2026-09-06T09:33:00,NRG-OTJ-OTW-006,NRG-OTJ-OTW-006-POS-03,no_sale,1,0,0
IE00000737,2026-09-06T09:38:00,NRG-ERG-WVB-002,NRG-ERG-WVB-002-POS-02,no_sale,1,0,0
IE00000754,2026-09-07T09:02:00,NRG-OSI-TSU-009,NRG-OSI-TSU-009-POS-04,no_sale,1,0,0
IE00000747,2026-09-07T09:05:00,NRG-ERG-SWK-003,NRG-ERG-SWK-003-POS-02,no_sale,1,0,0
IE00000753,2026-09-07T09:08:00,NRG-OSI-TSU-009,NRG-OSI-TSU-009-POS-01,refund,1,0,1
IE00000749,2026-09-07T09:18:00,NRG-OSA-OSK-004,NRG-OSA-OSK-004-POS-05,no_sale,1,0,0
IE00000745,2026-09-07T09:20:00,NRG-KHO-WDH-001,NRG-KHO-WDH-001-POS-04,void,1,0,0
IE00000756,2026-09-07T09:20:00,NRG-HAR-REH-011,NRG-HAR-REH-011-POS-03,no_sale,1,0,0
IE00000746,2026-09-07T09:21:00,NRG-ERG-WVB-002,NRG-ERG-WVB-002-POS-05,refund,1,0,1
IE00000757,2026-09-07T09:25:00,NRG-OSA-OND-012,NRG-OSA-OND-012-POS-01,refund,1,0,1
IE00000750,2026-09-07T09:34:00,NRG-OTJ-OTW-006,NRG-OTJ-OTW-006-POS-04,refund,1,0,1
IE00000755,2026-09-07T09:34:00,NRG-OME-GOB-010,NRG-OME-GOB-010-POS-01,void,1,0,0
IE00000752,2026-09-07T09:35:00,NRG-ZAM-KTM-008,NRG-ZAM-KTM-008-POS-04,refund,1,0,1
IE00000748,2026-09-07T09:37:00,NRG-OSA-OSK-004,NRG-OSA-OSK-004-POS-02,no_sale,1,0,0
IE00000751,2026-09-07T09:39:00,NRG-OTJ-OTW-006,NRG-OTJ-OTW-006-POS-05,void,1,0,0
IE00000767,2026-09-08T09:02:00,NRG-HAR-REH-011,NRG-HAR-REH-011-POS-02,void,1,0,0
IE00000759,2026-09-08T09:05:00,NRG-OSA-OSK-004,NRG-OSA-OSK-004-POS-04,no_sale,1,0,0
IE00000760,2026-09-08T09:05:00,NRG-OSA-OSK-004,NRG-OSA-OSK-004-POS-05,no_sale,1,0,0
IE00000758,2026-09-08T09:16:00,NRG-ERG-SWK-003,NRG-ERG-SWK-003-POS-01,void,1,0,0
IE00000764,2026-09-08T09:16:00,NRG-OSI-TSU-009,NRG-OSI-TSU-009-POS-04,void,1,0,0
IE00000761,2026-09-08T09:18:00,NRG-KVE-RUN-005,NRG-KVE-RUN-005-POS-02,refund,1,0,1
IE00000766,2026-09-08T09:22:00,NRG-HAR-REH-011,NRG-HAR-REH-011-POS-01,no_sale,1,0,0
IE00000763,2026-09-08T09:31:00,NRG-KHA-KTM-007,NRG-KHA-KTM-007-POS-01,no_sale,1,0,0
IE00000768,2026-09-08T09:33:00,NRG-HAR-REH-011,NRG-HAR-REH-011-POS-03,no_sale,1,0,0
IE00000762,2026-09-08T09:37:00,NRG-OTJ-OTW-006,NRG-OTJ-OTW-006-POS-05,void,1,0,0
IE00000765,2026-09-08T09:39:00,NRG-OME-GOB-010,NRG-OME-GOB-010-POS-02,refund,1,0,1
IE00000772,2026-09-09T09:12:00,NRG-ZAM-KTM-008,NRG-ZAM-KTM-008-POS-03,no_sale,1,0,0
IE00000773,2026-09-09T09:16:00,NRG-ZAM-KTM-008,NRG-ZAM-KTM-008-POS-04,void,1,0,0
IE00000775,2026-09-09T09:22:00,NRG-OME-GOB-010,NRG-OME-GOB-010-POS-04,no_sale,1,0,0
IE00000770,2026-09-09T09:24:00,NRG-ERG-SWK-003,NRG-ERG-SWK-003-POS-02,refund,1,0,1
IE00000774,2026-09-09T09:32:00,NRG-OSI-TSU-009,NRG-OSI-TSU-009-POS-03,no_sale,1,0,0
IE00000771,2026-09-09T09:35:00,NRG-KVE-RUN-005,NRG-KVE-RUN-005-POS-03,void,1,0,0
IE00000777,2026-09-09T09:35:00,NRG-OSA-OND-012,NRG-OSA-OND-012-POS-01,refund,1,0,1
IE00000776,2026-09-09T09:37:00,NRG-HAR-REH-011,NRG-HAR-REH-011-POS-04,no_sale,1,0,0
IE00000769,2026-09-09T09:39:00,NRG-KHO-WDH-001,NRG-KHO-WDH-001-POS-02,no_sale,1,0,0
IE00000786,2026-09-10T09:02:00,NRG-HAR-REH-011,NRG-HAR-REH-011-POS-03,no_sale,1,0,0
IE00000784,2026-09-10T09:03:00,NRG-OSI-TSU-009,NRG-OSI-TSU-009-POS-03,void,1,0,0
IE00000785,2026-09-10T09:09:00,NRG-HAR-REH-011,NRG-HAR-REH-011-POS-02,refund,1,0,1
IE00000783,2026-09-10T09:12:00,NRG-OTJ-OTW-006,NRG-OTJ-OTW-006-POS-03,void,1,0,0
IE00000779,2026-09-10T09:14:00,NRG-ERG-WVB-002,NRG-ERG-WVB-002-POS-02,refund,1,0,1
IE00000781,2026-09-10T09:17:00,NRG-OSA-OSK-004,NRG-OSA-OSK-004-POS-02,refund,1,0,1
IE00000778,2026-09-10T09:20:00,NRG-KHO-WDH-001,NRG-KHO-WDH-001-POS-02,void,1,0,0
IE00000782,2026-09-10T09:31:00,NRG-OTJ-OTW-006,NRG-OTJ-OTW-006-POS-01,no_sale,1,0,0
IE00000780,2026-09-10T09:33:00,NRG-ERG-WVB-002,NRG-ERG-WVB-002-POS-05,refund,1,0,1
IE00000787,2026-09-10T09:37:00,NRG-HAR-REH-011,NRG-HAR-REH-011-POS-04,refund,1,0,1
IE00000788,2026-09-11T09:04:00,NRG-KHO-WDH-001,NRG-KHO-WDH-001-POS-01,no_sale,1,0,0
IE00000792,2026-09-11T09:04:00,NRG-KVE-RUN-005,NRG-KVE-RUN-005-POS-02,refund,1,0,1
IE00000793,2026-09-11T09:04:00,NRG-KHA-KTM-007,NRG-KHA-KTM-007-POS-01,refund,1,0,1
IE00000794,2026-09-11T09:10:00,NRG-OME-GOB-010,NRG-OME-GOB-010-POS-02,refund,1,0,1
IE00000789,2026-09-11T09:13:00,NRG-KHO-WDH-001,NRG-KHO-WDH-001-POS-02,refund,1,0,1
IE00000796,2026-09-11T09:26:00,NRG-OSA-OND-012,NRG-OSA-OND-012-POS-03,void,1,0,0
IE00000791,2026-09-11T09:30:00,NRG-OSA-OSK-004,NRG-OSA-OSK-004-POS-04,void,1,0,0
IE00000790,2026-09-11T09:32:00,NRG-ERG-WVB-002,NRG-ERG-WVB-002-POS-04,no_sale,1,0,0
IE00000795,2026-09-11T09:37:00,NRG-HAR-REH-011,NRG-HAR-REH-011-POS-02,void,1,0,0
IE00000798,2026-09-12T09:01:00,NRG-OSA-OSK-004,NRG-OSA-OSK-004-POS-05,no_sale,1,0,0
IE00000801,2026-09-12T09:03:00,NRG-ZAM-KTM-008,NRG-ZAM-KTM-008-POS-04,no_sale,1,0,0
IE00000797,2026-09-12T09:11:00,NRG-ERG-WVB-002,NRG-ERG-WVB-002-POS-01,no_sale,1,0,0
IE00000799,2026-09-12T09:13:00,NRG-KVE-RUN-005,NRG-KVE-RUN-005-POS-02,void,1,0,0
IE00000800,2026-09-12T09:21:00,NRG-OTJ-OTW-006,NRG-OTJ-OTW-006-POS-05,no_sale,1,0,0
IE00000808,2026-09-13T09:08:00,NRG-OSI-TSU-009,NRG-OSI-TSU-009-POS-02,refund,1,0,1
IE00000809,2026-09-13T09:11:00,NRG-OME-GOB-010,NRG-OME-GOB-010-POS-02,no_sale,1,0,0
IE00000803,2026-09-13T09:15:00,NRG-ERG-SWK-003,NRG-ERG-SWK-003-POS-02,no_sale,1,0,0
IE00000807,2026-09-13T09:22:00,NRG-KHA-KTM-007,NRG-KHA-KTM-007-POS-02,void,1,0,0
IE00000804,2026-09-13T09:23:00,NRG-ERG-SWK-003,NRG-ERG-SWK-003-POS-03,refund,1,0,1
IE00000806,2026-09-13T09:23:00,NRG-KVE-RUN-005,NRG-KVE-RUN-005-POS-01,refund,1,0,1
IE00000810,2026-09-13T09:26:00,NRG-HAR-REH-011,NRG-HAR-REH-011-POS-04,no_sale,1,0,0
IE00000802,2026-09-13T09:36:00,NRG-ERG-WVB-002,NRG-ERG-WVB-002-POS-05,void,1,0,0
IE00000805,2026-09-13T09:39:00,NRG-OSA-OSK-004,NRG-OSA-OSK-004-POS-02,refund,1,0,1
IE00000823,2026-09-14T09:00:00,NRG-OME-GOB-010,NRG-OME-GOB-010-POS-04,refund,1,0,1
IE00000820,2026-09-14T09:04:00,NRG-ZAM-KTM-008,NRG-ZAM-KTM-008-POS-01,void,1,0,0
IE00000813,2026-09-14T09:05:00,NRG-KHO-WDH-001,NRG-KHO-WDH-001-POS-04,no_sale,1,0,0
IE00000814,2026-09-14T09:07:00,NRG-ERG-WVB-002,NRG-ERG-WVB-002-POS-04,no_sale,1,0,0
IE00000812,2026-09-14T09:12:00,NRG-KHO-WDH-001,NRG-KHO-WDH-001-POS-03,no_sale,1,0,0
IE00000822,2026-09-14T09:13:00,NRG-OME-GOB-010,NRG-OME-GOB-010-POS-02,void,1,0,0
IE00000815,2026-09-14T09:14:00,NRG-ERG-WVB-002,NRG-ERG-WVB-002-POS-05,void,1,0,0
IE00000817,2026-09-14T09:14:00,NRG-ERG-SWK-003,NRG-ERG-SWK-003-POS-03,refund,1,0,1
IE00000824,2026-09-14T09:16:00,NRG-HAR-REH-011,NRG-HAR-REH-011-POS-04,refund,1,0,1
IE00000816,2026-09-14T09:18:00,NRG-ERG-SWK-003,NRG-ERG-SWK-003-POS-01,void,1,0,0
IE00000821,2026-09-14T09:18:00,NRG-OSI-TSU-009,NRG-OSI-TSU-009-POS-03,no_sale,1,0,0
IE00000819,2026-09-14T09:20:00,NRG-KVE-RUN-005,NRG-KVE-RUN-005-POS-04,void,1,0,0
IE00000825,2026-09-14T09:29:00,NRG-OSA-OND-012,NRG-OSA-OND-012-POS-03,refund,1,0,1
IE00000818,2026-09-14T09:36:00,NRG-OSA-OSK-004,NRG-OSA-OSK-004-POS-04,void,1,0,0
IE00000811,2026-09-14T09:38:00,NRG-KHO-WDH-001,NRG-KHO-WDH-001-POS-01,no_sale,1,0,0
IE00000828,2026-09-15T09:05:00,NRG-ERG-SWK-003,NRG-ERG-SWK-003-POS-01,refund,1,0,1
IE00000831,2026-09-15T09:10:00,NRG-KHA-KTM-007,NRG-KHA-KTM-007-POS-02,no_sale,1,0,0
IE00000829,2026-09-15T09:12:00,NRG-OSA-OSK-004,NRG-OSA-OSK-004-POS-05,refund,1,0,1
IE00000830,2026-09-15T09:12:00,NRG-OTJ-OTW-006,NRG-OTJ-OTW-006-POS-04,refund,1,0,1
IE00000832,2026-09-15T09:17:00,NRG-OSI-TSU-009,NRG-OSI-TSU-009-POS-01,refund,1,0,1
IE00000826,2026-09-15T09:18:00,NRG-KHO-WDH-001,NRG-KHO-WDH-001-POS-03,void,1,0,0
IE00000833,2026-09-15T09:36:00,NRG-OSI-TSU-009,NRG-OSI-TSU-009-POS-02,refund,1,0,1
IE00000827,2026-09-15T09:38:00,NRG-KHO-WDH-001,NRG-KHO-WDH-001-POS-04,no_sale,1,0,0
IE00000835,2026-09-16T09:08:00,NRG-ERG-SWK-003,NRG-ERG-SWK-003-POS-02,refund,1,0,1
IE00000839,2026-09-16T09:09:00,NRG-ZAM-KTM-008,NRG-ZAM-KTM-008-POS-04,void,1,0,0
IE00000838,2026-09-16T09:24:00,NRG-OTJ-OTW-006,NRG-OTJ-OTW-006-POS-03,refund,1,0,1
IE00000837,2026-09-16T09:25:00,NRG-OTJ-OTW-006,NRG-OTJ-OTW-006-POS-02,void,1,0,0
IE00000840,2026-09-16T09:25:00,NRG-HAR-REH-011,NRG-HAR-REH-011-POS-04,refund,1,0,1
IE00000836,2026-09-16T09:28:00,NRG-OSA-OSK-004,NRG-OSA-OSK-004-POS-04,no_sale,1,0,0
IE00000834,2026-09-16T09:38:00,NRG-ERG-WVB-002,NRG-ERG-WVB-002-POS-04,void,1,0,0
IE00000845,2026-09-17T09:06:00,NRG-KHA-KTM-007,NRG-KHA-KTM-007-POS-01,void,1,0,0
IE00000848,2026-09-17T09:10:00,NRG-OME-GOB-010,NRG-OME-GOB-010-POS-04,refund,1,0,1
IE00000846,2026-09-17T09:13:00,NRG-KHA-KTM-007,NRG-KHA-KTM-007-POS-04,void,1,0,0
IE00000841,2026-09-17T09:18:00,NRG-ERG-WVB-002,NRG-ERG-WVB-002-POS-01,no_sale,1,0,0
IE00000847,2026-09-17T09:20:00,NRG-OSI-TSU-009,NRG-OSI-TSU-009-POS-01,void,1,0,0
IE00000842,2026-09-17T09:21:00,NRG-ERG-SWK-003,NRG-ERG-SWK-003-POS-03,void,1,0,0
IE00000844,2026-09-17T09:27:00,NRG-OTJ-OTW-006,NRG-OTJ-OTW-006-POS-02,refund,1,0,1
IE00000843,2026-09-17T09:30:00,NRG-ERG-SWK-003,NRG-ERG-SWK-003-POS-05,no_sale,1,0,0
IE00000851,2026-09-18T09:00:00,NRG-ERG-SWK-003,NRG-ERG-SWK-003-POS-02,refund,1,0,1
IE00000854,2026-09-18T09:07:00,NRG-OSI-TSU-009,NRG-OSI-TSU-009-POS-01,void,1,0,0
IE00000850,2026-09-18T09:10:00,NRG-ERG-WVB-002,NRG-ERG-WVB-002-POS-04,no_sale,1,0,0
IE00000855,2026-09-18T09:21:00,NRG-OSA-OND-012,NRG-OSA-OND-012-POS-02,no_sale,1,0,0
IE00000852,2026-09-18T09:28:00,NRG-ERG-SWK-003,NRG-ERG-SWK-003-POS-05,refund,1,0,1
IE00000849,2026-09-18T09:34:00,NRG-KHO-WDH-001,NRG-KHO-WDH-001-POS-01,void,1,0,0
IE00000853,2026-09-18T09:39:00,NRG-OSA-OSK-004,NRG-OSA-OSK-004-POS-03,void,1,0,0
IE00000859,2026-09-19T09:06:00,NRG-OTJ-OTW-006,NRG-OTJ-OTW-006-POS-01,refund,1,0,1
IE00000864,2026-09-19T09:06:00,NRG-OSA-OND-012,NRG-OSA-OND-012-POS-04,void,1,0,0
IE00000858,2026-09-19T09:08:00,NRG-OSA-OSK-004,NRG-OSA-OSK-004-POS-03,void,1,0,0
IE00000863,2026-09-19T09:10:00,NRG-OME-GOB-010,NRG-OME-GOB-010-POS-04,refund,1,0,1
IE00000856,2026-09-19T09:25:00,NRG-KHO-WDH-001,NRG-KHO-WDH-001-POS-02,no_sale,1,0,0
IE00000860,2026-09-19T09:29:00,NRG-OTJ-OTW-006,NRG-OTJ-OTW-006-POS-04,refund,1,0,1
IE00000861,2026-09-19T09:29:00,NRG-OTJ-OTW-006,NRG-OTJ-OTW-006-POS-05,void,1,0,0
IE00000862,2026-09-19T09:35:00,NRG-KHA-KTM-007,NRG-KHA-KTM-007-POS-04,void,1,0,0
IE00000857,2026-09-19T09:37:00,NRG-KHO-WDH-001,NRG-KHO-WDH-001-POS-03,no_sale,1,0,0
IE00000866,2026-09-20T09:01:00,NRG-ERG-WVB-002,NRG-ERG-WVB-002-POS-02,void,1,0,0
IE00000869,2026-09-20T09:01:00,NRG-OTJ-OTW-006,NRG-OTJ-OTW-006-POS-01,no_sale,1,0,0
IE00000870,2026-09-20T09:03:00,NRG-KHA-KTM-007,NRG-KHA-KTM-007-POS-01,refund,1,0,1
IE00000868,2026-09-20T09:18:00,NRG-OSA-OSK-004,NRG-OSA-OSK-004-POS-02,void,1,0,0
IE00000865,2026-09-20T09:21:00,NRG-ERG-WVB-002,NRG-ERG-WVB-002-POS-01,void,1,0,0
IE00000873,2026-09-20T09:27:00,NRG-OSI-TSU-009,NRG-OSI-TSU-009-POS-04,void,1,0,0
IE00000867,2026-09-20T09:31:00,NRG-ERG-SWK-003,NRG-ERG-SWK-003-POS-01,refund,1,0,1
IE00000872,2026-09-20T09:31:00,NRG-OSI-TSU-009,NRG-OSI-TSU-009-POS-02,no_sale,1,0,0
IE00000874,2026-09-20T09:31:00,NRG-OME-GOB-010,NRG-OME-GOB-010-POS-02,refund,1,0,1
IE00000871,2026-09-20T09:34:00,NRG-ZAM-KTM-008,NRG-ZAM-KTM-008-POS-04,void,1,0,0
IE00000875,2026-09-20T09:34:00,NRG-HAR-REH-011,NRG-HAR-REH-011-POS-03,no_sale,1,0,0
IE00000877,2026-09-21T09:02:00,NRG-ERG-SWK-003,NRG-ERG-SWK-003-POS-01,refund,1,0,1
IE00000876,2026-09-21T09:15:00,NRG-KHO-WDH-001,NRG-KHO-WDH-001-POS-02,no_sale,1,0,0
IE00000882,2026-09-21T09:21:00,NRG-ZAM-KTM-008,NRG-ZAM-KTM-008-POS-02,void,1,0,0
IE00000881,2026-09-21T09:23:00,NRG-OTJ-OTW-006,NRG-OTJ-OTW-006-POS-05,void,1,0,0
IE00000879,2026-09-21T09:25:00,NRG-KVE-RUN-005,NRG-KVE-RUN-005-POS-04,no_sale,1,0,0
IE00000883,2026-09-21T09:26:00,NRG-OSI-TSU-009,NRG-OSI-TSU-009-POS-03,refund,1,0,1
IE00000884,2026-09-21T09:33:00,NRG-OME-GOB-010,NRG-OME-GOB-010-POS-03,refund,1,0,1
IE00000880,2026-09-21T09:37:00,NRG-OTJ-OTW-006,NRG-OTJ-OTW-006-POS-03,no_sale,1,0,0
IE00000878,2026-09-21T09:39:00,NRG-OSA-OSK-004,NRG-OSA-OSK-004-POS-01,refund,1,0,1
IE00000890,2026-09-22T09:14:00,NRG-KHA-KTM-007,NRG-KHA-KTM-007-POS-02,no_sale,1,0,0
IE00000886,2026-09-22T09:17:00,NRG-ERG-SWK-003,NRG-ERG-SWK-003-POS-05,void,1,0,0
IE00000891,2026-09-22T09:17:00,NRG-ZAM-KTM-008,NRG-ZAM-KTM-008-POS-03,refund,1,0,1
IE00000889,2026-09-22T09:18:00,NRG-OTJ-OTW-006,NRG-OTJ-OTW-006-POS-04,void,1,0,0
IE00000885,2026-09-22T09:31:00,NRG-ERG-SWK-003,NRG-ERG-SWK-003-POS-03,no_sale,1,0,0
IE00000892,2026-09-22T09:33:00,NRG-HAR-REH-011,NRG-HAR-REH-011-POS-03,no_sale,1,0,0
IE00000888,2026-09-22T09:34:00,NRG-KVE-RUN-005,NRG-KVE-RUN-005-POS-03,void,1,0,0
IE00000887,2026-09-22T09:37:00,NRG-OSA-OSK-004,NRG-OSA-OSK-004-POS-01,void,1,0,0
IE00000895,2026-09-23T09:00:00,NRG-OTJ-OTW-006,NRG-OTJ-OTW-006-POS-03,refund,1,0,1
IE00000897,2026-09-23T09:05:00,NRG-OSA-OND-012,NRG-OSA-OND-012-POS-04,void,1,0,0
IE00000894,2026-09-23T09:10:00,NRG-KVE-RUN-005,NRG-KVE-RUN-005-POS-03,void,1,0,0
IE00000896,2026-09-23T09:20:00,NRG-ZAM-KTM-008,NRG-ZAM-KTM-008-POS-02,void,1,0,0
IE00000893,2026-09-23T09:39:00,NRG-ERG-WVB-002,NRG-ERG-WVB-002-POS-04,void,1,0,0
IE00000900,2026-09-24T09:00:00,NRG-ERG-SWK-003,NRG-ERG-SWK-003-POS-04,void,1,0,0
IE00000906,2026-09-24T09:04:00,NRG-OSA-OND-012,NRG-OSA-OND-012-POS-04,no_sale,1,0,0
IE00000898,2026-09-24T09:25:00,NRG-ERG-WVB-002,NRG-ERG-WVB-002-POS-04,void,1,0,0
IE00000904,2026-09-24T09:28:00,NRG-HAR-REH-011,NRG-HAR-REH-011-POS-01,no_sale,1,0,0
IE00000899,2026-09-24T09:29:00,NRG-ERG-SWK-003,NRG-ERG-SWK-003-POS-03,void,1,0,0
IE00000901,2026-09-24T09:32:00,NRG-KVE-RUN-005,NRG-KVE-RUN-005-POS-05,refund,1,0,1
IE00000902,2026-09-24T09:33:00,NRG-OTJ-OTW-006,NRG-OTJ-OTW-006-POS-03,no_sale,1,0,0
IE00000903,2026-09-24T09:33:00,NRG-ZAM-KTM-008,NRG-ZAM-KTM-008-POS-04,refund,1,0,1
IE00000905,2026-09-24T09:36:00,NRG-HAR-REH-011,NRG-HAR-REH-011-POS-02,refund,1,0,1
